PR,URL,Title,Content type,Is rendered page,HTTP status code,Organic traffic,Schema items,Structured data issues,Is indexable page
26,https://diwansuite.com/ar,ديوان سويت | منصة حوكمة اجتماعات المجالس والقرارات,text/html,false,200,0,"BreadcrumbList
FAQPage
ItemList
Organization
SoftwareApplication
WebPage
WebSite",Schema.org validation error,true
25,https://diwansuite.com/ur/ai-governance-assistant,AI گورننس اسسٹنٹ | Diwan Suite,text/html,false,200,0,"BreadcrumbList
ItemList
Organization
Service
WebPage
WebSite",Schema.org validation error,true
25,https://diwansuite.com/ar/attendance-quorum-qr,إدارة النصاب والتصويت والحضور | ديوان سويت,text/html,false,200,0,"BreadcrumbList
FAQPage
ItemList
Organization
Service
WebPage
WebSite",Schema.org validation error,true
25,https://diwansuite.com/ar/sectors/authorities-organizations-governance,حوكمة مجالس الإدارة واللجان لدى الهيئات والمنظمات,text/html,false,200,0,"BreadcrumbList
FAQPage
ItemList
Organization
Service
WebPage
WebSite",Schema.org validation error,true
25,https://diwansuite.com/ar/banking-financial-governance,حوكمة للبنوك والقطاع المالي | ديوان سويت,text/html,false,200,0,"BreadcrumbList
FAQPage
ItemList
Organization
Service
WebPage
WebSite",Schema.org validation error,true
25,https://diwansuite.com/hi/decision-management-tracking,मीटिंग निर्णय ट्रैकिंग और निष्पादन | Diwan Suite,text/html,false,200,0,"BreadcrumbList
FAQPage
ItemList
Organization
Service
WebPage
WebSite",Schema.org validation error,true
25,https://diwansuite.com/ur/committee-management-software,کمیٹی میٹنگ مینجمنٹ سافٹ ویئر | Diwan Suite,text/html,false,200,0,"BreadcrumbList
FAQPage
ItemList
Organization
Service
WebPage
WebSite",Schema.org validation error,true
25,https://diwansuite.com/ur/government-governance-platform,سرکاری گورننس پلیٹ فارم | Diwan Suite,text/html,false,200,0,"BreadcrumbList
FAQPage
ItemList
Organization
Service
WebPage
WebSite",Schema.org validation error,true
25,https://diwansuite.com/en/sectors/municipalities-governance,Board and Committee Governance for Municipalities and Amanat,text/html,false,200,0,"BreadcrumbList
FAQPage
ItemList
Organization
Service
WebPage
WebSite",Schema.org validation error,true
25,https://diwansuite.com/hi/support,सपोर्ट और एनेबलमेंट | Diwan Suite,text/html,false,200,0,"BreadcrumbList
ItemList
Organization
Service
WebPage
WebSite",Schema.org validation error,true
25,https://diwansuite.com/ar/sectors/municipalities-governance,حوكمة مجالس الإدارة واللجان لدى الأمانات والبلديات,text/html,false,200,0,"BreadcrumbList
FAQPage
ItemList
Organization
Service
WebPage
WebSite",Schema.org validation error,true
25,https://diwansuite.com/hi/sectors/hospitals-clinics-governance,अस्पतालों और क्लीनिकों के लिए बोर्ड और समिति गवर्नेंस,text/html,false,200,0,"BreadcrumbList
FAQPage
ItemList
Organization
Service
WebPage
WebSite",Schema.org validation error,true
25,https://diwansuite.com/hi/meeting-minutes-e-signature,मीटिंग मिनट्स सॉफ़्टवेयर और ई-हस्ताक्षर | Diwan Suite,text/html,false,200,0,"BreadcrumbList
FAQPage
ItemList
Organization
Service
WebPage
WebSite",Schema.org validation error,true
25,https://diwansuite.com/en/sectors,Sectors | Diwan Suite for Governance and Decisions,text/html,false,200,0,"BreadcrumbList
ItemList
Organization
Service
WebPage
WebSite",Schema.org validation error,true
25,https://diwansuite.com/en/banking-financial-governance,Governance for Banks & Financial Sector | Diwan Suite,text/html,false,200,0,"BreadcrumbList
FAQPage
ItemList
Organization
Service
WebPage
WebSite",Schema.org validation error,true
25,https://diwansuite.com/en/ai-governance-decision-support,"AI for Meetings, Minutes & Decisions | Diwan Suite",text/html,false,200,0,"BreadcrumbList
FAQPage
ItemList
Organization
Service
WebPage
WebSite",Schema.org validation error,true
25,https://diwansuite.com/hi/sectors/universities-institutes-governance,विश्वविद्यालयों और संस्थानों में बोर्ड और समिति गवर्नेंस,text/html,false,200,0,"BreadcrumbList
FAQPage
ItemList
Organization
Service
WebPage
WebSite",Schema.org validation error,true
25,https://diwansuite.com/ur/sectors/general-assemblies-governance,جنرل اسمبلیوں کے لیے بورڈ اور کمیٹی گورننس | Diwan Suite,text/html,false,200,0,"BreadcrumbList
FAQPage
ItemList
Organization
Service
WebPage
WebSite",Schema.org validation error,true
25,https://diwansuite.com/ar/government-governance-platform,حوكمة للجهات الحكومية | ديوان سويت,text/html,false,200,0,"BreadcrumbList
FAQPage
ItemList
Organization
Service
WebPage
WebSite",Schema.org validation error,true
25,https://diwansuite.com/ur/sectors/hospitals-clinics-governance,ہسپتالوں اور کلینکس کے لیے بورڈ اور کمیٹی گورننس,text/html,false,200,0,"BreadcrumbList
FAQPage
ItemList
Organization
Service
WebPage
WebSite",Schema.org validation error,true
25,https://diwansuite.com/en/sectors/hospitals-clinics-governance,Board and Committee Governance for Hospitals and Clinics,text/html,false,200,0,"BreadcrumbList
FAQPage
ItemList
Organization
Service
WebPage
WebSite",Schema.org validation error,true
25,https://diwansuite.com/en/meeting-minutes-e-signature,Meeting Minutes Software & E-Signature | Diwan Suite,text/html,false,200,0,"BreadcrumbList
FAQPage
ItemList
Organization
Service
WebPage
WebSite",Schema.org validation error,true
25,https://diwansuite.com/hi/banking-financial-governance,बैंकों और वित्तीय क्षेत्र के लिए गवर्नेंस | Diwan Suite,text/html,false,200,0,"BreadcrumbList
FAQPage
ItemList
Organization
Service
WebPage
WebSite",Schema.org validation error,true
25,https://diwansuite.com/ar/sectors,القطاعات | ديوان سويت لحوكمة المجالس والقرارات,text/html,false,200,0,"BreadcrumbList
ItemList
Organization
Service
WebPage
WebSite",Schema.org validation error,true
25,https://diwansuite.com/ar/sectors/hospitals-clinics-governance,حوكمة مجالس الإدارة واللجان لدى المستشفيات والعيادات,text/html,false,200,0,"BreadcrumbList
FAQPage
ItemList
Organization
Service
WebPage
WebSite",Schema.org validation error,true
25,https://diwansuite.com/en/support,Support & Enablement | Diwan Suite,text/html,false,200,0,"BreadcrumbList
FAQPage
ItemList
Organization
Service
WebPage
WebSite",Schema.org validation error,true
25,https://diwansuite.com/ur/sectors,شعبے | Diwan Suite Governance Platform,text/html,false,200,0,"BreadcrumbList
ItemList
Organization
Service
WebPage
WebSite",Schema.org validation error,true
25,https://diwansuite.com/ur/meeting-minutes-e-signature,میٹنگ منٹس سافٹ ویئر اور ای-سگنیچر | Diwan Suite,text/html,false,200,0,"BreadcrumbList
FAQPage
ItemList
Organization
Service
WebPage
WebSite",Schema.org validation error,true
25,https://diwansuite.com/hi/integrations-board-governance,मीटिंग अभिलेख और एंटरप्राइज़ इंटीग्रेशन | Diwan Suite,text/html,false,200,0,"BreadcrumbList
FAQPage
ItemList
Organization
Service
WebPage
WebSite",Schema.org validation error,true
25,https://diwansuite.com/ur/board-secretary-system,بورڈ سیکریٹری سسٹم | Diwan Suite,text/html,false,200,0,"BreadcrumbList
FAQPage
ItemList
Organization
Service
WebPage
WebSite",Schema.org validation error,true
25,https://diwansuite.com/hi/committee-management-software,समिति मीटिंग प्रबंधन सॉफ़्टवेयर | Diwan Suite,text/html,false,200,0,"BreadcrumbList
FAQPage
ItemList
Organization
Service
WebPage
WebSite",Schema.org validation error,true
25,https://diwansuite.com/en/committee-management-software,Committee Meeting Management Software | Diwan Suite,text/html,false,200,0,"BreadcrumbList
FAQPage
ItemList
Organization
Service
WebPage
WebSite",Schema.org validation error,true
25,https://diwansuite.com/en/integrations-board-governance,Meeting Archiving & Enterprise Integration | Diwan Suite,text/html,false,200,0,"BreadcrumbList
FAQPage
ItemList
Organization
Service
WebPage
WebSite",Schema.org validation error,true
25,https://diwansuite.com/ur/roi-board-governance,بورڈ گورننس میں ROI اور آپریشنل اثر | Diwan Suite,text/html,false,200,0,"BreadcrumbList
FAQPage
ItemList
Organization
Service
WebPage
WebSite",Schema.org validation error,true
25,https://diwansuite.com/ar/integrations-board-governance,الأرشفة والربط المؤسسي للاجتماعات | ديوان سويت,text/html,false,200,0,"BreadcrumbList
FAQPage
ItemList
Organization
Service
WebPage
WebSite",Schema.org validation error,true
25,https://diwansuite.com/hi/listed-companies-governance,सूचीबद्ध कंपनियों के लिए गवर्नेंस | Diwan Suite,text/html,false,200,0,"BreadcrumbList
FAQPage
ItemList
Organization
Service
WebPage
WebSite",Schema.org validation error,true
25,https://diwansuite.com/ar/sectors/charitable-entities-governance,حوكمة مجالس الإدارة واللجان لدى الجهات الخيرية | ديوان سويت,text/html,false,200,0,"BreadcrumbList
FAQPage
ItemList
Organization
Service
WebPage
WebSite",Schema.org validation error,true
25,https://diwansuite.com/en/ai-governance-assistant,AI Governance Assistant | Diwan Suite,text/html,false,200,0,"BreadcrumbList
FAQPage
ItemList
Organization
Service
WebPage
WebSite",Schema.org validation error,true
25,https://diwansuite.com/ar/sectors/general-assemblies-governance,حوكمة مجالس الإدارة واللجان لدى الجمعيات العمومية,text/html,false,200,0,"BreadcrumbList
FAQPage
ItemList
Organization
Service
WebPage
WebSite",Schema.org validation error,true
25,https://diwansuite.com/hi/sectors/authorities-organizations-governance,प्राधिकरणों और संगठनों में बोर्ड और समिति गवर्नेंस,text/html,false,200,0,"BreadcrumbList
FAQPage
ItemList
Organization
Service
WebPage
WebSite",Schema.org validation error,true
25,https://diwansuite.com/ur/sectors/holding-companies-governance,ہولڈنگ کمپنیوں میں بورڈ اور کمیٹی گورننس | Diwan Suite,text/html,false,200,0,"BreadcrumbList
FAQPage
ItemList
Organization
Service
WebPage
WebSite",Schema.org validation error,true
25,https://diwansuite.com/hi/ai-governance-decision-support,"मीटिंग, मिनट्स और निर्णयों में AI | Diwan Suite",text/html,false,200,0,"BreadcrumbList
FAQPage
ItemList
Organization
Service
WebPage
WebSite",Schema.org validation error,true
25,https://diwansuite.com/ur/sectors/universities-institutes-governance,جامعات اور معاہد میں بورڈ اور کمیٹی گورننس | Diwan Suite,text/html,false,200,0,"BreadcrumbList
FAQPage
ItemList
Organization
Service
WebPage
WebSite",Schema.org validation error,true
25,https://diwansuite.com/en/sectors/general-assemblies-governance,Board and Committee Governance for General Assemblies,text/html,false,200,0,"BreadcrumbList
FAQPage
ItemList
Organization
Service
WebPage
WebSite",Schema.org validation error,true
25,https://diwansuite.com/hi/sectors,क्षेत्र | Diwan Suite Governance Platform,text/html,false,200,0,"BreadcrumbList
ItemList
Organization
Service
WebPage
WebSite",Schema.org validation error,true
25,https://diwansuite.com/ur/governance-reports,گورننس رپورٹس | Diwan Suite,text/html,false,200,0,"BreadcrumbList
ItemList
Organization
Service
WebPage
WebSite",Schema.org validation error,true
25,https://diwansuite.com/hi/sectors/general-assemblies-governance,सामान्य सभाओं के लिए बोर्ड और समिति गवर्नेंस | Diwan Suite,text/html,false,200,0,"BreadcrumbList
FAQPage
ItemList
Organization
Service
WebPage
WebSite",Schema.org validation error,true
25,https://diwansuite.com/ur/sectors/municipalities-governance,امانات اور بلدیات کے لیے بورڈ اور کمیٹی گورننس | Diwan Suite,text/html,false,200,0,"BreadcrumbList
FAQPage
ItemList
Organization
Service
WebPage
WebSite",Schema.org validation error,true
25,https://diwansuite.com/en/sectors/universities-institutes-governance,Board and Committee Governance for Universities and…,text/html,false,200,0,"BreadcrumbList
FAQPage
ItemList
Organization
Service
WebPage
WebSite",Schema.org validation error,true
25,https://diwansuite.com/hi/attendance-quorum-qr,"उपस्थिति, कोरम और मतदान प्रबंधन | Diwan Suite",text/html,false,200,0,"BreadcrumbList
FAQPage
ItemList
Organization
Service
WebPage
WebSite",Schema.org validation error,true
25,https://diwansuite.com/ar/listed-companies-governance,حوكمة للشركات المدرجة | ديوان سويت,text/html,false,200,0,"BreadcrumbList
FAQPage
ItemList
Organization
Service
WebPage
WebSite",Schema.org validation error,true
25,https://diwansuite.com/ur/sectors/ministries-government-entities-governance,وزارات اور سرکاری اداروں کی گورننس | Diwan Suite,text/html,false,200,0,"BreadcrumbList
FAQPage
ItemList
Organization
Service
WebPage
WebSite",Schema.org validation error,true
25,https://diwansuite.com/hi/sectors/municipalities-governance,नगरपालिकाओं और अमानत के लिए बोर्ड और समिति गवर्नेंस,text/html,false,200,0,"BreadcrumbList
FAQPage
ItemList
Organization
Service
WebPage
WebSite",Schema.org validation error,true
25,https://diwansuite.com/ur/banking-financial-governance,بینکوں اور مالیاتی شعبے کے لیے گورننس | Diwan Suite,text/html,false,200,0,"BreadcrumbList
FAQPage
ItemList
Organization
Service
WebPage
WebSite",Schema.org validation error,true
25,https://diwansuite.com/en/general-assembly-management,General Assembly Meeting Management | Diwan Suite,text/html,false,200,0,"BreadcrumbList
FAQPage
ItemList
Organization
Service
WebPage
WebSite",Schema.org validation error,true
25,https://diwansuite.com/en/sectors/holding-companies-governance,Board and Committee Governance for Holding Companies,text/html,false,200,0,"BreadcrumbList
FAQPage
ItemList
Organization
Service
WebPage
WebSite",Schema.org validation error,true
25,https://diwansuite.com/ar/board-management-system,نظام إدارة اجتماعات مجالس الإدارة | ديوان سويت,text/html,false,200,0,"BreadcrumbList
FAQPage
ItemList
Organization
Service
WebPage
WebSite",Schema.org validation error,true
25,https://diwansuite.com/ur,Diwan Suite | بورڈ میٹنگ گورننس اور فیصلہ نفاذ,text/html,false,200,0,"BreadcrumbList
FAQPage
ItemList
Organization
SoftwareApplication
WebPage
WebSite",Schema.org validation error,true
25,https://diwansuite.com/en/listed-companies-governance,Governance for Listed Companies | Diwan Suite,text/html,false,200,0,"BreadcrumbList
FAQPage
ItemList
Organization
Service
WebPage
WebSite",Schema.org validation error,true
25,https://diwansuite.com/ur/sectors/charitable-entities-governance,خیراتی اداروں میں بورڈ اور کمیٹی گورننس | Diwan Suite,text/html,false,200,0,"BreadcrumbList
FAQPage
ItemList
Organization
Service
WebPage
WebSite",Schema.org validation error,true
25,https://diwansuite.com/ar/sectors/universities-institutes-governance,حوكمة مجالس الإدارة واللجان لدى الجامعات والمعاهد,text/html,false,200,0,"BreadcrumbList
FAQPage
ItemList
Organization
Service
WebPage
WebSite",Schema.org validation error,true
25,https://diwansuite.com/en/roi-board-governance,ROI & Operational Impact in Board Governance | Diwan Suite,text/html,false,200,0,"BreadcrumbList
FAQPage
ItemList
Organization
Service
WebPage
WebSite",Schema.org validation error,true
25,https://diwansuite.com/hi,Diwan Suite | बोर्ड मीटिंग गवर्नेंस और निर्णय निष्पादन,text/html,false,200,0,"BreadcrumbList
FAQPage
ItemList
Organization
SoftwareApplication
WebPage
WebSite",Schema.org validation error,true
25,https://diwansuite.com/ar/governance-reports,تقارير الحوكمة التنفيذية | Diwan Suite,text/html,false,200,0,"BreadcrumbList
FAQPage
ItemList
Organization
Service
WebPage
WebSite",Schema.org validation error,true
25,https://diwansuite.com/en/sectors/homeowners-associations-governance,Board and Committee Governance for Homeowners Associations,text/html,false,200,0,"BreadcrumbList
FAQPage
ItemList
Organization
Service
WebPage
WebSite",Schema.org validation error,true
25,https://diwansuite.com/hi/sectors/holding-companies-governance,होल्डिंग कंपनियों में बोर्ड और समिति गवर्नेंस | Diwan Suite,text/html,false,200,0,"BreadcrumbList
FAQPage
ItemList
Organization
Service
WebPage
WebSite",Schema.org validation error,true
25,https://diwansuite.com/ur/governance-reports-dashboards,میٹنگ گورننس رپورٹس اور ڈیش بورڈز | Diwan Suite,text/html,false,200,0,"BreadcrumbList
FAQPage
ItemList
Organization
Service
WebPage
WebSite",Schema.org validation error,true
25,https://diwansuite.com/ur/general-assembly-management,جنرل اسمبلی میٹنگ مینجمنٹ | Diwan Suite,text/html,false,200,0,"BreadcrumbList
FAQPage
ItemList
Organization
Service
WebPage
WebSite",Schema.org validation error,true
25,https://diwansuite.com/ur/sectors/homeowners-associations-governance,اتحاداتِ مالکان کے لیے بورڈ اور کمیٹی گورننس | Diwan Suite,text/html,false,200,0,"BreadcrumbList
FAQPage
ItemList
Organization
Service
WebPage
WebSite",Schema.org validation error,true
25,https://diwansuite.com/ar/roi-board-governance,العائد على الاستثمار في حوكمة الاجتماعات | ديوان سويت,text/html,false,200,0,"BreadcrumbList
FAQPage
ItemList
Organization
Service
WebPage
WebSite",Schema.org validation error,true
25,https://diwansuite.com/ar/support,الدعم والتأهيل | Diwan Suite,text/html,false,200,0,"BreadcrumbList
FAQPage
ItemList
Organization
Service
WebPage
WebSite",Schema.org validation error,true
25,https://diwansuite.com/ar/sectors/homeowners-associations-governance,حوكمة مجالس الإدارة واللجان لدى اتحادات الملاك | ديوان سويت,text/html,false,200,0,"BreadcrumbList
FAQPage
ItemList
Organization
Service
WebPage
WebSite",Schema.org validation error,true
25,https://diwansuite.com/en/sectors/charitable-entities-governance,Board and Committee Governance for Charitable Entities,text/html,false,200,0,"BreadcrumbList
FAQPage
ItemList
Organization
Service
WebPage
WebSite",Schema.org validation error,true
25,https://diwansuite.com/ar/sectors/ministries-government-entities-governance,حوكمة الوزارات والجهات الحكومية | ديوان سويت,text/html,false,200,0,"BreadcrumbList
FAQPage
ItemList
Organization
Service
WebPage
WebSite",Schema.org validation error,true
25,https://diwansuite.com/hi/board-management-system,बोर्ड मीटिंग प्रबंधन प्रणाली | Diwan Suite,text/html,false,200,0,"BreadcrumbList
FAQPage
ItemList
Organization
Service
WebPage
WebSite",Schema.org validation error,true
25,https://diwansuite.com/ur/decision-management-tracking,میٹنگ فیصلوں کی ٹریکنگ اور نفاذ | Diwan Suite,text/html,false,200,0,"BreadcrumbList
FAQPage
ItemList
Organization
Service
WebPage
WebSite",Schema.org validation error,true
25,https://diwansuite.com/ur/attendance-quorum-qr,حاضری، کورم اور ووٹنگ مینجمنٹ | Diwan Suite,text/html,false,200,0,"BreadcrumbList
FAQPage
ItemList
Organization
Service
WebPage
WebSite",Schema.org validation error,true
25,https://diwansuite.com/ar/ai-governance-assistant,وكيل الذكاء الاصطناعي للحوكمة | Diwan Suite,text/html,false,200,0,"BreadcrumbList
FAQPage
ItemList
Organization
Service
WebPage
WebSite",Schema.org validation error,true
25,https://diwansuite.com/ar/meeting-minutes-e-signature,برنامج محاضر الاجتماعات والتوقيع الإلكتروني | ديوان سويت,text/html,false,200,0,"BreadcrumbList
FAQPage
ItemList
Organization
Service
WebPage
WebSite",Schema.org validation error,true
25,https://diwansuite.com/hi/sectors/homeowners-associations-governance,होमओनर्स एसोसिएशनों के लिए बोर्ड और समिति गवर्नेंस,text/html,false,200,0,"BreadcrumbList
FAQPage
ItemList
Organization
Service
WebPage
WebSite",Schema.org validation error,true
25,https://diwansuite.com/en/board-management-system,Board Meeting Management System | Diwan Suite,text/html,false,200,0,"BreadcrumbList
FAQPage
ItemList
Organization
Service
WebPage
WebSite",Schema.org validation error,true
25,https://diwansuite.com/ur/support,سپورٹ اور فعال سازی | Diwan Suite,text/html,false,200,0,"BreadcrumbList
ItemList
Organization
Service
WebPage
WebSite",Schema.org validation error,true
25,https://diwansuite.com/en,Diwan Suite | Board Meeting Governance & Decision Execution,text/html,false,200,0,"BreadcrumbList
FAQPage
ItemList
Organization
SoftwareApplication
WebPage
WebSite",Schema.org validation error,true
25,https://diwansuite.com/ur/sectors/government-companies-governance,سرکاری کمپنیوں میں بورڈ اور کمیٹی گورننس | Diwan Suite,text/html,false,200,0,"BreadcrumbList
FAQPage
ItemList
Organization
Service
WebPage
WebSite",Schema.org validation error,true
25,https://diwansuite.com/hi/governance-reports-dashboards,मीटिंग गवर्नेंस रिपोर्ट और डैशबोर्ड | Diwan Suite,text/html,false,200,0,"BreadcrumbList
FAQPage
ItemList
Organization
Service
WebPage
WebSite",Schema.org validation error,true
25,https://diwansuite.com/hi/ai-governance-assistant,AI गवर्नेंस सहायक | Diwan Suite,text/html,false,200,0,"BreadcrumbList
ItemList
Organization
Service
WebPage
WebSite",Schema.org validation error,true
25,https://diwansuite.com/ur/ai-governance-decision-support,میٹنگز، محاضر اور فیصلوں میں AI | Diwan Suite,text/html,false,200,0,"BreadcrumbList
FAQPage
ItemList
Organization
Service
WebPage
WebSite",Schema.org validation error,true
25,https://diwansuite.com/hi/governance-reports,गवर्नेंस रिपोर्ट | Diwan Suite,text/html,false,200,0,"BreadcrumbList
ItemList
Organization
Service
WebPage
WebSite",Schema.org validation error,true
25,https://diwansuite.com/en/government-governance-platform,Government Governance Platform | Diwan Suite,text/html,false,200,0,"BreadcrumbList
FAQPage
ItemList
Organization
Service
WebPage
WebSite",Schema.org validation error,true
25,https://diwansuite.com/ar/general-assembly-management,إدارة اجتماعات الجمعيات العمومية | ديوان سويت,text/html,false,200,0,"BreadcrumbList
FAQPage
ItemList
Organization
Service
WebPage
WebSite",Schema.org validation error,true
25,https://diwansuite.com/ur/board-management-system,بورڈ میٹنگ مینجمنٹ سسٹم | Diwan Suite,text/html,false,200,0,"BreadcrumbList
FAQPage
ItemList
Organization
Service
WebPage
WebSite",Schema.org validation error,true
25,https://diwansuite.com/en/governance-reports,Governance Reports | Diwan Suite,text/html,false,200,0,"BreadcrumbList
FAQPage
ItemList
Organization
Service
WebPage
WebSite",Schema.org validation error,true
25,https://diwansuite.com/en/sectors/ministries-government-entities-governance,Governance for Ministries & Public Entities | Diwan Suite,text/html,false,200,0,"BreadcrumbList
FAQPage
ItemList
Organization
Service
WebPage
WebSite",Schema.org validation error,true
25,https://diwansuite.com/ar/ai-governance-decision-support,الذكاء الاصطناعي في الاجتماعات والمحاضر | ديوان سويت,text/html,false,200,0,"BreadcrumbList
FAQPage
ItemList
Organization
Service
WebPage
WebSite",Schema.org validation error,true
25,https://diwansuite.com/hi/sectors/charitable-entities-governance,चैरिटेबल संस्थाओं में बोर्ड और समिति गवर्नेंस | Diwan Suite,text/html,false,200,0,"BreadcrumbList
FAQPage
ItemList
Organization
Service
WebPage
WebSite",Schema.org validation error,true
25,https://diwansuite.com/en/board-secretary-system,Board Secretary System | Diwan Suite,text/html,false,200,0,"BreadcrumbList
FAQPage
ItemList
Organization
Service
WebPage
WebSite",Schema.org validation error,true
25,https://diwansuite.com/en/governance-reports-dashboards,Meeting Governance Reports & Dashboards | Diwan Suite,text/html,false,200,0,"BreadcrumbList
FAQPage
ItemList
Organization
Service
WebPage
WebSite",Schema.org validation error,true
25,https://diwansuite.com/ar/governance-reports-dashboards,تقارير ولوحات حوكمة الاجتماعات | ديوان سويت,text/html,false,200,0,"BreadcrumbList
FAQPage
ItemList
Organization
Service
WebPage
WebSite",Schema.org validation error,true
25,https://diwansuite.com/ar/committee-management-software,برنامج إدارة اجتماعات اللجان | ديوان سويت,text/html,false,200,0,"BreadcrumbList
FAQPage
ItemList
Organization
Service
WebPage
WebSite",Schema.org validation error,true
25,https://diwansuite.com/hi/roi-board-governance,बोर्ड गवर्नेंस में ROI और परिचालन प्रभाव | Diwan Suite,text/html,false,200,0,"BreadcrumbList
FAQPage
ItemList
Organization
Service
WebPage
WebSite",Schema.org validation error,true
25,https://diwansuite.com/ar/sectors/government-companies-governance,حوكمة مجالس الإدارة واللجان لدى الشركات الحكومية,text/html,false,200,0,"BreadcrumbList
FAQPage
ItemList
Organization
Service
WebPage
WebSite",Schema.org validation error,true
25,https://diwansuite.com/hi/government-governance-platform,सरकारी गवर्नेंस प्लेटफ़ॉर्म | Diwan Suite,text/html,false,200,0,"BreadcrumbList
FAQPage
ItemList
Organization
Service
WebPage
WebSite",Schema.org validation error,true
25,https://diwansuite.com/hi/sectors/government-companies-governance,सरकारी कंपनियों में बोर्ड और समिति गवर्नेंस | Diwan Suite,text/html,false,200,0,"BreadcrumbList
FAQPage
ItemList
Organization
Service
WebPage
WebSite",Schema.org validation error,true
25,https://diwansuite.com/hi/sectors/ministries-government-entities-governance,मंत्रालयों और सार्वजनिक संस्थाओं की गवर्नेंस | Diwan Suite,text/html,false,200,0,"BreadcrumbList
FAQPage
ItemList
Organization
Service
WebPage
WebSite",Schema.org validation error,true
25,https://diwansuite.com/ar/sectors/holding-companies-governance,حوكمة مجالس الإدارة واللجان لدى الشركات القابضة | ديوان سويت,text/html,false,200,0,"BreadcrumbList
FAQPage
ItemList
Organization
Service
WebPage
WebSite",Schema.org validation error,true
25,https://diwansuite.com/en/decision-management-tracking,Meeting Decision Tracking & Execution | Diwan Suite,text/html,false,200,0,"BreadcrumbList
FAQPage
ItemList
Organization
Service
WebPage
WebSite",Schema.org validation error,true
25,https://diwansuite.com/ar/board-secretary-system,نظام أمين سر مجلس الإدارة | ديوان سويت,text/html,false,200,0,"BreadcrumbList
FAQPage
ItemList
Organization
Service
WebPage
WebSite",Schema.org validation error,true
25,https://diwansuite.com/en/sectors/authorities-organizations-governance,Board and Committee Governance for Authorities and…,text/html,false,200,0,"BreadcrumbList
FAQPage
ItemList
Organization
Service
WebPage
WebSite",Schema.org validation error,true
25,https://diwansuite.com/hi/general-assembly-management,सामान्य सभा मीटिंग प्रबंधन | Diwan Suite,text/html,false,200,0,"BreadcrumbList
FAQPage
ItemList
Organization
Service
WebPage
WebSite",Schema.org validation error,true
25,https://diwansuite.com/ur/integrations-board-governance,میٹنگ آرکائیونگ اور ادارہ جاتی انضمام | Diwan Suite,text/html,false,200,0,"BreadcrumbList
FAQPage
ItemList
Organization
Service
WebPage
WebSite",Schema.org validation error,true
25,https://diwansuite.com/en/attendance-quorum-qr,"Attendance, Quorum & Voting Management | Diwan Suite",text/html,false,200,0,"BreadcrumbList
FAQPage
ItemList
Organization
Service
WebPage
WebSite",Schema.org validation error,true
25,https://diwansuite.com/ur/listed-companies-governance,لسٹڈ کمپنیوں کے لیے گورننس | Diwan Suite,text/html,false,200,0,"BreadcrumbList
FAQPage
ItemList
Organization
Service
WebPage
WebSite",Schema.org validation error,true
25,https://diwansuite.com/hi/board-secretary-system,बोर्ड सचिव प्रणाली | Diwan Suite,text/html,false,200,0,"BreadcrumbList
FAQPage
ItemList
Organization
Service
WebPage
WebSite",Schema.org validation error,true
25,https://diwansuite.com/ur/sectors/authorities-organizations-governance,اتھارٹیز اور تنظیموں میں بورڈ اور کمیٹی گورننس | Diwan Suite,text/html,false,200,0,"BreadcrumbList
FAQPage
ItemList
Organization
Service
WebPage
WebSite",Schema.org validation error,true
25,https://diwansuite.com/ar/decision-management-tracking,متابعة قرارات الاجتماعات والمجالس | ديوان سويت,text/html,false,200,0,"BreadcrumbList
FAQPage
ItemList
Organization
Service
WebPage
WebSite",Schema.org validation error,true
25,https://diwansuite.com/en/sectors/government-companies-governance,Board and Committee Governance for Government-Owned…,text/html,false,200,0,"BreadcrumbList
FAQPage
ItemList
Organization
Service
WebPage
WebSite",Schema.org validation error,true
22,https://diwansuite.com/ar/meeting-minutes-software,برنامج محاضر الاجتماعات والتوقيع | ديوان سويت,text/html,false,200,0,"BreadcrumbList
ItemList
Organization
WebPage
WebSite",Schema.org validation error,true
22,https://diwansuite.com/ar/board-decisions-tracking-software,برنامج متابعة قرارات المجلس | ديوان سويت,text/html,false,200,0,"BreadcrumbList
ItemList
Organization
WebPage
WebSite",Schema.org validation error,true
21,https://diwansuite.com/ar/joint-stock-companies-governance-software,برنامج حوكمة الشركات المساهمة ومجالسها | ديوان سويت,text/html,false,200,0,"BreadcrumbList
ItemList
Organization
WebPage
WebSite",Schema.org validation error,true
21,https://diwansuite.com/ur/committee-governance-software,کمیٹی گورننس سافٹ ویئر | Diwan Suite,text/html,false,200,0,"BreadcrumbList
ItemList
Organization
WebPage
WebSite",Schema.org validation error,true
21,https://diwansuite.com/ar/board-portal-saudi-arabia,Board Portal السعودية لإدارة المجالس | ديوان سويت,text/html,false,200,0,"BreadcrumbList
ItemList
Organization
WebPage
WebSite",Schema.org validation error,true
21,https://diwansuite.com/en/risk-committee-management-software,Risk Committee Management Software | Diwan Suite,text/html,false,200,0,"BreadcrumbList
ItemList
Organization
WebPage
WebSite",Schema.org validation error,true
21,https://diwansuite.com/en/committee-governance-software,Committee Governance Software | Diwan Suite,text/html,false,200,0,"BreadcrumbList
ItemList
Organization
WebPage
WebSite",Schema.org validation error,true
21,https://diwansuite.com/en/governance-security-compliance,Meeting Compliance & Audit Readiness | Diwan Suite,text/html,false,200,0,"BreadcrumbList
FAQPage
ItemList
Organization
Service
WebPage
WebSite",Schema.org validation error,true
21,https://diwansuite.com/hi/board-decisions-tracking-software,बोर्ड निर्णय ट्रैकिंग सॉफ्टवेयर | Diwan Suite,text/html,false,200,0,"BreadcrumbList
ItemList
Organization
WebPage
WebSite",Schema.org validation error,true
21,https://diwansuite.com/hi/board-governance-software,बोर्ड गवर्नेंस सॉफ्टवेयर | Diwan Suite,text/html,false,200,0,"BreadcrumbList
ItemList
Organization
WebPage
WebSite",Schema.org validation error,true
21,https://diwansuite.com/en/meeting-minutes-software,Meeting Minutes Software | Diwan Suite,text/html,false,200,0,"BreadcrumbList
ItemList
Organization
WebPage
WebSite",Schema.org validation error,true
21,https://diwansuite.com/ar/security-compliance,الأمن والامتثال المؤسسي | Diwan Suite,text/html,false,200,0,"BreadcrumbList
FAQPage
ItemList
Organization
Service
WebPage
WebSite",Schema.org validation error,true
21,https://diwansuite.com/ar/electronic-meeting-minutes-vs-paper-minutes,محاضر الاجتماعات الإلكترونية vs المحاضر الورقية | ديوان سويت,text/html,false,200,0,"BreadcrumbList
ItemList
Organization
WebPage
WebSite",Schema.org validation error,true
21,https://diwansuite.com/ur/blog/committee-governance-best-practices,أفضل ممارسات حوكمة اجتماعات اللجان | ديوان سويت,text/html,false,200,0,"BreadcrumbList
FAQPage
ItemList
Organization
Service
WebPage
WebSite",Schema.org validation error,true
21,https://diwansuite.com/en/governance-platform-vs-meeting-software,Governance Platform vs Meeting Software | Diwan Suite,text/html,false,200,0,"BreadcrumbList
ItemList
Organization
WebPage
WebSite",Schema.org validation error,true
21,https://diwansuite.com/ur/joint-stock-companies-governance-software,جوائنٹ اسٹاک کمپنی گورننس سافٹ ویئر | Diwan Suite,text/html,false,200,0,"BreadcrumbList
ItemList
Organization
WebPage
WebSite",Schema.org validation error,true
21,https://diwansuite.com/en/nomination-remuneration-committee-management,Nomination and Remuneration Committee Software | Diwan Suite,text/html,false,200,0,"BreadcrumbList
ItemList
Organization
WebPage
WebSite",Schema.org validation error,true
21,https://diwansuite.com/hi/board-portal-vs-email,Board Portal vs Email for Board Meetings | Diwan Suite,text/html,false,200,0,"BreadcrumbList
ItemList
Organization
WebPage
WebSite",Schema.org validation error,true
21,https://diwansuite.com/hi/committee-governance-software,समिति गवर्नेंस सॉफ्टवेयर | Diwan Suite,text/html,false,200,0,"BreadcrumbList
ItemList
Organization
WebPage
WebSite",Schema.org validation error,true
21,https://diwansuite.com/ar/corporate-meeting-management-software,برنامج إدارة اجتماعات الشركات | ديوان سويت,text/html,false,200,0,"BreadcrumbList
ItemList
Organization
WebPage
WebSite",Schema.org validation error,true
21,https://diwansuite.com/en/joint-stock-companies-governance-software,Joint-Stock Company Governance Software | Diwan Suite,text/html,false,200,0,"BreadcrumbList
ItemList
Organization
WebPage
WebSite",Schema.org validation error,true
21,https://diwansuite.com/ar/board-portal-vs-email,Board Portal vs Email لإدارة مجالس الإدارة | ديوان سويت,text/html,false,200,0,"BreadcrumbList
ItemList
Organization
WebPage
WebSite",Schema.org validation error,true
21,https://diwansuite.com/en/board-decisions-tracking-software,Board Decision Tracking Software | Diwan Suite,text/html,false,200,0,"BreadcrumbList
ItemList
Organization
WebPage
WebSite",Schema.org validation error,true
21,https://diwansuite.com/ar/blog/ai-meeting-summaries-minutes,الذكاء الاصطناعي في تلخيص الاجتماعات والمحاضر | ديوان سويت,text/html,false,200,0,"BreadcrumbList
FAQPage
ItemList
Organization
Service
WebPage
WebSite",Schema.org validation error,true
21,https://diwansuite.com/ar/banks-board-committee-governance-software,برنامج إدارة لجان البنوك والقطاع المالي | ديوان سويت,text/html,false,200,0,"BreadcrumbList
ItemList
Organization
WebPage
WebSite",Schema.org validation error,true
21,https://diwansuite.com/ar/committee-governance-software,برنامج إدارة اللجان ولجان المجلس | ديوان سويت,text/html,false,200,0,"BreadcrumbList
ItemList
Organization
WebPage
WebSite",Schema.org validation error,true
21,https://diwansuite.com/ur/board-decisions-tracking-software,بورڈ فیصلوں کی ٹریکنگ سافٹ ویئر | Diwan Suite,text/html,false,200,0,"BreadcrumbList
ItemList
Organization
WebPage
WebSite",Schema.org validation error,true
21,https://diwansuite.com/hi/blog/committee-governance-best-practices,أفضل ممارسات حوكمة اجتماعات اللجان | ديوان سويت,text/html,false,200,0,"BreadcrumbList
FAQPage
ItemList
Organization
Service
WebPage
WebSite",Schema.org validation error,true
21,https://diwansuite.com/ur/meeting-minutes-software-vs-word-pdf,Meeting Minutes Software vs Word/PDF | Diwan Suite,text/html,false,200,0,"BreadcrumbList
ItemList
Organization
WebPage
WebSite",Schema.org validation error,true
21,https://diwansuite.com/ar/risk-committee-management-software,برنامج إدارة لجنة المخاطر وقراراتها | ديوان سويت,text/html,false,200,0,"BreadcrumbList
ItemList
Organization
WebPage
WebSite",Schema.org validation error,true
21,https://diwansuite.com/hi/risk-committee-management-software,रिस्क कमेटी मैनेजमेंट सॉफ्टवेयर | Diwan Suite,text/html,false,200,0,"BreadcrumbList
ItemList
Organization
WebPage
WebSite",Schema.org validation error,true
21,https://diwansuite.com/ar/general-assembly-management-software,برنامج إدارة الجمعيات العمومية | ديوان سويت,text/html,false,200,0,"BreadcrumbList
ItemList
Organization
WebPage
WebSite",Schema.org validation error,true
21,https://diwansuite.com/ur/family-business-governance-software,فیملی بزنس گورننس سافٹ ویئر | Diwan Suite,text/html,false,200,0,"BreadcrumbList
ItemList
Organization
WebPage
WebSite",Schema.org validation error,true
21,https://diwansuite.com/ur/meeting-management-software,اداروں کے لیے میٹنگ مینجمنٹ سافٹ ویئر | Diwan Suite,text/html,false,200,0,"BreadcrumbList
ItemList
Organization
WebPage
WebSite",Schema.org validation error,true
21,https://diwansuite.com/en/board-of-directors-governance-software,Board of Directors Governance Software | Diwan Suite,text/html,false,200,0,"BreadcrumbList
ItemList
Organization
WebPage
WebSite",Schema.org validation error,true
21,https://diwansuite.com/hi/audit-committee-management-software,ऑडिट कमेटी मैनेजमेंट सॉफ्टवेयर | Diwan Suite,text/html,false,200,0,"BreadcrumbList
ItemList
Organization
WebPage
WebSite",Schema.org validation error,true
21,https://diwansuite.com/ur/manual-committee-management-vs-governance-platform,Manual Committee Management vs Committee Governance Platform,text/html,false,200,0,"BreadcrumbList
ItemList
Organization
WebPage
WebSite",Schema.org validation error,true
21,https://diwansuite.com/ar/blog/board-portal-vs-meeting-tools-guide,Board Portal vs برامج الاجتماعات العامة | ديوان سويت,text/html,false,200,0,"BreadcrumbList
FAQPage
ItemList
Organization
Service
WebPage
WebSite",Schema.org validation error,true
21,https://diwansuite.com/ar/board-portal-vs-sharepoint-google-drive,Board Portal vs SharePoint وGoogle Drive | ديوان سويت,text/html,false,200,0,"BreadcrumbList
ItemList
Organization
WebPage
WebSite",Schema.org validation error,true
21,https://diwansuite.com/ar/blog/committee-governance-best-practices,أفضل ممارسات حوكمة اجتماعات اللجان | ديوان سويت,text/html,false,200,0,"BreadcrumbList
FAQPage
ItemList
Organization
Service
WebPage
WebSite",Schema.org validation error,true
21,https://diwansuite.com/hi/real-estate-developer-governance-software,रियल एस्टेट डेवलपर गवर्नेंस सॉफ्टवेयर | Diwan Suite,text/html,false,200,0,"BreadcrumbList
ItemList
Organization
WebPage
WebSite",Schema.org validation error,true
21,https://diwansuite.com/hi/implementation-support-training,"कार्यान्वयन, सहायता और प्रशिक्षण | Diwan Suite",text/html,false,200,0,"BreadcrumbList
FAQPage
ItemList
Organization
Service
WebPage
WebSite",Schema.org validation error,true
21,https://diwansuite.com/hi/ai-meeting-minutes-vs-manual-word-pdf,AI Meeting Minutes Software for Boards and Committees,text/html,false,200,0,"BreadcrumbList
ItemList
Organization
WebPage
WebSite",Schema.org validation error,true
21,https://diwansuite.com/ar/blog/what-is-meeting-management-software,ما هو برنامج إدارة الاجتماعات؟ | ديوان سويت,text/html,false,200,0,"BreadcrumbList
FAQPage
ItemList
Organization
Service
WebPage
WebSite",Schema.org validation error,true
21,https://diwansuite.com/en/nonprofit-governance-meetings-software,Nonprofit Governance Meeting Software | Diwan Suite,text/html,false,200,0,"BreadcrumbList
ItemList
Organization
WebPage
WebSite",Schema.org validation error,true
21,https://diwansuite.com/ur/board-portal-saudi-arabia,Board Portal سعودی عرب | Diwan Suite,text/html,false,200,0,"BreadcrumbList
ItemList
Organization
WebPage
WebSite",Schema.org validation error,true
21,https://diwansuite.com/ur/nonprofit-governance-meetings-software,نان پرافٹ گورننس میٹنگ سافٹ ویئر | Diwan Suite,text/html,false,200,0,"BreadcrumbList
ItemList
Organization
WebPage
WebSite",Schema.org validation error,true
21,https://diwansuite.com/ar/universities-board-governance-software,برنامج إدارة مجالس الجامعات والمعاهد | ديوان سويت,text/html,false,200,0,"BreadcrumbList
ItemList
Organization
WebPage
WebSite",Schema.org validation error,true
21,https://diwansuite.com/en/real-estate-developer-governance-software,Real Estate Developer Governance Software | Diwan Suite,text/html,false,200,0,"BreadcrumbList
ItemList
Organization
WebPage
WebSite",Schema.org validation error,true
21,https://diwansuite.com/ar/board-management-software,برنامج إدارة مجلس الإدارة | ديوان سويت,text/html,false,200,0,"BreadcrumbList
ItemList
Organization
WebPage
WebSite",Schema.org validation error,true
21,https://diwansuite.com/hi/manual-committee-management-vs-governance-platform,Manual Committee Management vs Committee Governance Platform,text/html,false,200,0,"BreadcrumbList
ItemList
Organization
WebPage
WebSite",Schema.org validation error,true
21,https://diwansuite.com/ur/governance-security-compliance,میٹنگ تعمیل اور آڈٹ تیاری | Diwan Suite,text/html,false,200,0,"BreadcrumbList
FAQPage
ItemList
Organization
Service
WebPage
WebSite",Schema.org validation error,true
21,https://diwansuite.com/en/board-portal-saudi-arabia,Board Portal Saudi Arabia | Diwan Suite,text/html,false,200,0,"BreadcrumbList
ItemList
Organization
WebPage
WebSite",Schema.org validation error,true
21,https://diwansuite.com/hi/governance-platform-vs-meeting-software,Governance Platform vs Meeting Software | Diwan Suite,text/html,false,200,0,"BreadcrumbList
ItemList
Organization
WebPage
WebSite",Schema.org validation error,true
21,https://diwansuite.com/ar/blog/general-assembly-quorum-importance,ما أهمية النصاب في الجمعيات العمومية؟ | ديوان سويت,text/html,false,200,0,"BreadcrumbList
FAQPage
ItemList
Organization
Service
WebPage
WebSite",Schema.org validation error,true
21,https://diwansuite.com/hi/joint-stock-companies-governance-software,जॉइंट-स्टॉक कंपनी गवर्नेंस सॉफ्टवेयर | Diwan Suite,text/html,false,200,0,"BreadcrumbList
ItemList
Organization
WebPage
WebSite",Schema.org validation error,true
21,https://diwansuite.com/ur/healthcare-governance-meetings-software,ہیلتھ کیئر گورننس میٹنگ سافٹ ویئر | Diwan Suite,text/html,false,200,0,"BreadcrumbList
ItemList
Organization
WebPage
WebSite",Schema.org validation error,true
21,https://diwansuite.com/ar/audit-committee-management-software,برنامج إدارة لجنة المراجعة ومحاضرها | ديوان سويت,text/html,false,200,0,"BreadcrumbList
ItemList
Organization
WebPage
WebSite",Schema.org validation error,true
21,https://diwansuite.com/hi/meeting-minutes-software-vs-word-pdf,Meeting Minutes Software vs Word/PDF | Diwan Suite,text/html,false,200,0,"BreadcrumbList
ItemList
Organization
WebPage
WebSite",Schema.org validation error,true
21,https://diwansuite.com/hi/meeting-management-software,संस्थाओं के लिए मीटिंग मैनेजमेंट सॉफ्टवेयर | Diwan Suite,text/html,false,200,0,"BreadcrumbList
ItemList
Organization
WebPage
WebSite",Schema.org validation error,true
21,https://diwansuite.com/en/healthcare-governance-meetings-software,Healthcare Governance Meeting Software | Diwan Suite,text/html,false,200,0,"BreadcrumbList
ItemList
Organization
WebPage
WebSite",Schema.org validation error,true
21,https://diwansuite.com/ar/corporate-governance-platform,منصة حوكمة مؤسسية للشركات والجهات | ديوان سويت,text/html,false,200,0,"BreadcrumbList
ItemList
Organization
WebPage
WebSite",Schema.org validation error,true
21,https://diwansuite.com/ur/board-governance-software,بورڈ گورننس سافٹ ویئر | Diwan Suite,text/html,false,200,0,"BreadcrumbList
ItemList
Organization
WebPage
WebSite",Schema.org validation error,true
21,https://diwansuite.com/en/meeting-management-software,Meeting Management Software for Organizations | Diwan Suite,text/html,false,200,0,"BreadcrumbList
ItemList
Organization
WebPage
WebSite",Schema.org validation error,true
21,https://diwansuite.com/ar/blog/why-email-not-enough-board-governance,لماذا لا يكفي البريد الإلكتروني لإدارة مجالس الإدارة؟,text/html,false,200,0,"BreadcrumbList
FAQPage
ItemList
Organization
Service
WebPage
WebSite",Schema.org validation error,true
21,https://diwansuite.com/ur/board-portal-vs-email,Board Portal vs Email for Board Meetings | Diwan Suite,text/html,false,200,0,"BreadcrumbList
ItemList
Organization
WebPage
WebSite",Schema.org validation error,true
21,https://diwansuite.com/ar/implementation-support-training,التطبيق والدعم والتدريب | ديوان سويت,text/html,false,200,0,"BreadcrumbList
FAQPage
ItemList
Organization
Service
WebPage
WebSite",Schema.org validation error,true
21,https://diwansuite.com/en/blog/committee-governance-best-practices,Committee Meeting Governance Best Practices | Diwan Suite,text/html,false,200,0,"BreadcrumbList
FAQPage
ItemList
Organization
Service
WebPage
WebSite",Schema.org validation error,true
21,https://diwansuite.com/hi/meeting-minutes-software,मीटिंग मिनट्स सॉफ्टवेयर | Diwan Suite,text/html,false,200,0,"BreadcrumbList
ItemList
Organization
WebPage
WebSite",Schema.org validation error,true
21,https://diwansuite.com/ar/meeting-management-software,برنامج إدارة اجتماعات للشركات والجهات | ديوان سويت,text/html,false,200,0,"BreadcrumbList
ItemList
Organization
WebPage
WebSite",Schema.org validation error,true
21,https://diwansuite.com/ar/real-estate-developer-governance-software,برنامج حوكمة شركات التطوير العقاري | ديوان سويت,text/html,false,200,0,"BreadcrumbList
ItemList
Organization
WebPage
WebSite",Schema.org validation error,true
21,https://diwansuite.com/ar/blog/reduce-meeting-minutes-errors,كيف تقلل الأخطاء في محاضر الاجتماعات؟ | ديوان سويت,text/html,false,200,0,"BreadcrumbList
FAQPage
ItemList
Organization
Service
WebPage
WebSite",Schema.org validation error,true
21,https://diwansuite.com/ur/banks-board-committee-governance-software,بینک بورڈ کمیٹی گورننس سافٹ ویئر | Diwan Suite,text/html,false,200,0,"BreadcrumbList
ItemList
Organization
WebPage
WebSite",Schema.org validation error,true
21,https://diwansuite.com/ar/healthcare-governance-meetings-software,برنامج إدارة اجتماعات المستشفيات والقطاع الصحي | ديوان سويت,text/html,false,200,0,"BreadcrumbList
ItemList
Organization
WebPage
WebSite",Schema.org validation error,true
21,https://diwansuite.com/hi/board-of-directors-governance-software,निदेशक मंडल गवर्नेंस सॉफ्टवेयर | Diwan Suite,text/html,false,200,0,"BreadcrumbList
ItemList
Organization
WebPage
WebSite",Schema.org validation error,true
21,https://diwansuite.com/ur/manual-board-decision-tracking-vs-automated-platform,Manual Board Decision Tracking vs Automated Platform,text/html,false,200,0,"BreadcrumbList
ItemList
Organization
WebPage
WebSite",Schema.org validation error,true
21,https://diwansuite.com/en/manual-board-decision-tracking-vs-automated-platform,Manual Board Decision Tracking vs Automated Platform,text/html,false,200,0,"BreadcrumbList
ItemList
Organization
WebPage
WebSite",Schema.org validation error,true
21,https://diwansuite.com/ar/governance-platform-vs-meeting-software,منصة حوكمة متخصصة vs برنامج اجتماعات عام | ديوان سويت,text/html,false,200,0,"BreadcrumbList
ItemList
Organization
WebPage
WebSite",Schema.org validation error,true
21,https://diwansuite.com/en/manual-committee-management-vs-governance-platform,Manual Committee Management vs Committee Governance Platform,text/html,false,200,0,"BreadcrumbList
ItemList
Organization
WebPage
WebSite",Schema.org validation error,true
21,https://diwansuite.com/ur/meeting-minutes-software,میٹنگ منٹس سافٹ ویئر | Diwan Suite,text/html,false,200,0,"BreadcrumbList
ItemList
Organization
WebPage
WebSite",Schema.org validation error,true
21,https://diwansuite.com/hi/board-management-software,बोर्ड मैनेजमेंट सॉफ्टवेयर | Diwan Suite,text/html,false,200,0,"BreadcrumbList
ItemList
Organization
WebPage
WebSite",Schema.org validation error,true
21,https://diwansuite.com/en/banks-board-committee-governance-software,Bank Board Committee Governance Software | Diwan Suite,text/html,false,200,0,"BreadcrumbList
ItemList
Organization
WebPage
WebSite",Schema.org validation error,true
21,https://diwansuite.com/ar/board-governance-software,برنامج حوكمة المجالس | ديوان سويت,text/html,false,200,0,"BreadcrumbList
ItemList
Organization
WebPage
WebSite",Schema.org validation error,true
21,https://diwansuite.com/ur/general-assembly-management-software,جنرل اسمبلی مینجمنٹ سافٹ ویئر | Diwan Suite,text/html,false,200,0,"BreadcrumbList
ItemList
Organization
WebPage
WebSite",Schema.org validation error,true
21,https://diwansuite.com/en/board-portal-vs-email,Board Portal vs Email for Board Meetings | Diwan Suite,text/html,false,200,0,"BreadcrumbList
ItemList
Organization
WebPage
WebSite",Schema.org validation error,true
21,https://diwansuite.com/ur/board-of-directors-governance-software,بورڈ آف ڈائریکٹرز گورننس سافٹ ویئر | Diwan Suite,text/html,false,200,0,"BreadcrumbList
ItemList
Organization
WebPage
WebSite",Schema.org validation error,true
21,https://diwansuite.com/en/family-business-governance-software,Family Business Governance Software | Diwan Suite,text/html,false,200,0,"BreadcrumbList
ItemList
Organization
WebPage
WebSite",Schema.org validation error,true
21,https://diwansuite.com/hi/governance-security-compliance,मीटिंग अनुपालन और ऑडिट तैयारी | Diwan Suite,text/html,false,200,0,"BreadcrumbList
FAQPage
ItemList
Organization
Service
WebPage
WebSite",Schema.org validation error,true
21,https://diwansuite.com/en/meeting-minutes-software-vs-word-pdf,Meeting Minutes Software vs Word/PDF | Diwan Suite,text/html,false,200,0,"BreadcrumbList
ItemList
Organization
WebPage
WebSite",Schema.org validation error,true
21,https://diwansuite.com/hi/nonprofit-governance-meetings-software,नॉनप्रॉफिट गवर्नेंस मीटिंग सॉफ्टवेयर | Diwan Suite,text/html,false,200,0,"BreadcrumbList
ItemList
Organization
WebPage
WebSite",Schema.org validation error,true
21,https://diwansuite.com/ur/governance-platform-vs-meeting-software,Governance Platform vs Meeting Software | Diwan Suite,text/html,false,200,0,"BreadcrumbList
ItemList
Organization
WebPage
WebSite",Schema.org validation error,true
21,https://diwansuite.com/ur/corporate-governance-platform,کارپوریٹ گورننس پلیٹ فارم | Diwan Suite,text/html,false,200,0,"BreadcrumbList
ItemList
Organization
WebPage
WebSite",Schema.org validation error,true
21,https://diwansuite.com/ar/nomination-remuneration-committee-management,برنامج إدارة لجنة الترشيحات والمكافآت | ديوان سويت,text/html,false,200,0,"BreadcrumbList
ItemList
Organization
WebPage
WebSite",Schema.org validation error,true
21,https://diwansuite.com/hi/healthcare-governance-meetings-software,हेल्थकेयर गवर्नेंस मीटिंग सॉफ्टवेयर | Diwan Suite,text/html,false,200,0,"BreadcrumbList
ItemList
Organization
WebPage
WebSite",Schema.org validation error,true
21,https://diwansuite.com/ur/blog/how-to-choose-board-governance-software,كيف تختار برنامج حوكمة مجالس الإدارة؟ | ديوان سويت,text/html,false,200,0,"BreadcrumbList
FAQPage
ItemList
Organization
Service
WebPage
WebSite",Schema.org validation error,true
21,https://diwansuite.com/hi/family-business-governance-software,फैमिली बिज़नेस गवर्नेंस सॉफ्टवेयर | Diwan Suite,text/html,false,200,0,"BreadcrumbList
ItemList
Organization
WebPage
WebSite",Schema.org validation error,true
21,https://diwansuite.com/ur/implementation-support-training,نفاذ، سپورٹ اور تربیت | Diwan Suite,text/html,false,200,0,"BreadcrumbList
FAQPage
ItemList
Organization
Service
WebPage
WebSite",Schema.org validation error,true
21,https://diwansuite.com/ar/manual-board-decision-tracking-vs-automated-platform,متابعة قرارات المجلس يدويًا vs منصة مؤتمتة | ديوان سويت,text/html,false,200,0,"BreadcrumbList
ItemList
Organization
WebPage
WebSite",Schema.org validation error,true
21,https://diwansuite.com/hi/corporate-governance-platform,कॉर्पोरेट गवर्नेंस प्लेटफ़ॉर्म | Diwan Suite,text/html,false,200,0,"BreadcrumbList
ItemList
Organization
WebPage
WebSite",Schema.org validation error,true
21,https://diwansuite.com/ur/real-estate-developer-governance-software,ریئل اسٹیٹ ڈیولپر گورننس سافٹ ویئر | Diwan Suite,text/html,false,200,0,"BreadcrumbList
ItemList
Organization
WebPage
WebSite",Schema.org validation error,true
21,https://diwansuite.com/hi/board-portal-saudi-arabia,Board Portal सऊदी अरब | Diwan Suite,text/html,false,200,0,"BreadcrumbList
ItemList
Organization
WebPage
WebSite",Schema.org validation error,true
21,https://diwansuite.com/ar/blog/how-to-choose-board-governance-software,كيف تختار برنامج حوكمة مجالس الإدارة؟ | ديوان سويت,text/html,false,200,0,"BreadcrumbList
FAQPage
ItemList
Organization
Service
WebPage
WebSite",Schema.org validation error,true
21,https://diwansuite.com/ur/board-management-software,بورڈ مینجمنٹ سافٹ ویئر | Diwan Suite,text/html,false,200,0,"BreadcrumbList
ItemList
Organization
WebPage
WebSite",Schema.org validation error,true
21,https://diwansuite.com/ar/board-decision-management-vs-task-management,برنامج إدارة قرارات المجلس vs إدارة مهام عامة | ديوان سويت,text/html,false,200,0,"BreadcrumbList
ItemList
Organization
WebPage
WebSite",Schema.org validation error,true
21,https://diwansuite.com/ar/family-business-governance-software,برنامج حوكمة الشركات العائلية | ديوان سويت,text/html,false,200,0,"BreadcrumbList
ItemList
Organization
WebPage
WebSite",Schema.org validation error,true
21,https://diwansuite.com/en/corporate-governance-platform,Corporate Governance Platform | Diwan Suite,text/html,false,200,0,"BreadcrumbList
ItemList
Organization
WebPage
WebSite",Schema.org validation error,true
21,https://diwansuite.com/ar/nonprofit-governance-meetings-software,برنامج حوكمة الجمعيات غير الربحية | ديوان سويت,text/html,false,200,0,"BreadcrumbList
ItemList
Organization
WebPage
WebSite",Schema.org validation error,true
21,https://diwansuite.com/en/board-management-software,Board Management Software | Diwan Suite,text/html,false,200,0,"BreadcrumbList
ItemList
Organization
WebPage
WebSite",Schema.org validation error,true
21,https://diwansuite.com/ar/blog/how-to-track-board-decisions,كيف تتابع تنفيذ قرارات مجلس الإدارة؟ | ديوان سويت,text/html,false,200,0,"BreadcrumbList
FAQPage
ItemList
Organization
Service
WebPage
WebSite",Schema.org validation error,true
21,https://diwansuite.com/hi/universities-board-governance-software,यूनिवर्सिटी बोर्ड गवर्नेंस सॉफ्टवेयर | Diwan Suite,text/html,false,200,0,"BreadcrumbList
ItemList
Organization
WebPage
WebSite",Schema.org validation error,true
21,https://diwansuite.com/hi/banks-board-committee-governance-software,बैंक बोर्ड कमेटी गवर्नेंस सॉफ्टवेयर | Diwan Suite,text/html,false,200,0,"BreadcrumbList
ItemList
Organization
WebPage
WebSite",Schema.org validation error,true
21,https://diwansuite.com/hi/board-portal-vs-teams-zoom,Board Portal vs Teams and Zoom | Diwan Suite,text/html,false,200,0,"BreadcrumbList
ItemList
Organization
WebPage
WebSite",Schema.org validation error,true
21,https://diwansuite.com/ur/universities-board-governance-software,یونیورسٹی بورڈ گورننس سافٹ ویئر | Diwan Suite,text/html,false,200,0,"BreadcrumbList
ItemList
Organization
WebPage
WebSite",Schema.org validation error,true
21,https://diwansuite.com/ur/ai-meeting-minutes-vs-manual-word-pdf,AI Meeting Minutes Software for Boards and Committees,text/html,false,200,0,"BreadcrumbList
ItemList
Organization
WebPage
WebSite",Schema.org validation error,true
21,https://diwansuite.com/ar/board-governance-software-government-saudi-arabia,Board Governance Software للجهات الحكومية في السعودية,text/html,false,200,0,"BreadcrumbList
ItemList
Organization
WebPage
WebSite",Schema.org validation error,true
21,https://diwansuite.com/en/audit-committee-management-software,Audit Committee Management Software | Diwan Suite,text/html,false,200,0,"BreadcrumbList
ItemList
Organization
WebPage
WebSite",Schema.org validation error,true
21,https://diwansuite.com/ar/governance-security-compliance,الامتثال والجاهزية الرقابية للاجتماعات | ديوان سويت,text/html,false,200,0,"BreadcrumbList
FAQPage
ItemList
Organization
Service
WebPage
WebSite",Schema.org validation error,true
21,https://diwansuite.com/ur/nomination-remuneration-committee-management,نامزدگی اور معاوضہ کمیٹی سافٹ ویئر | Diwan Suite,text/html,false,200,0,"BreadcrumbList
ItemList
Organization
WebPage
WebSite",Schema.org validation error,true
21,https://diwansuite.com/ur/board-portal-vs-teams-zoom,Board Portal vs Teams and Zoom | Diwan Suite,text/html,false,200,0,"BreadcrumbList
ItemList
Organization
WebPage
WebSite",Schema.org validation error,true
21,https://diwansuite.com/en/board-portal-vs-teams-zoom,Board Portal vs Teams and Zoom | Diwan Suite,text/html,false,200,0,"BreadcrumbList
ItemList
Organization
WebPage
WebSite",Schema.org validation error,true
21,https://diwansuite.com/hi/nomination-remuneration-committee-management,नॉमिनेशन और रेम्यूनरेशन कमेटी सॉफ्टवेयर | Diwan Suite,text/html,false,200,0,"BreadcrumbList
ItemList
Organization
WebPage
WebSite",Schema.org validation error,true
21,https://diwansuite.com/ur/audit-committee-management-software,آڈٹ کمیٹی مینجمنٹ سافٹ ویئر | Diwan Suite,text/html,false,200,0,"BreadcrumbList
ItemList
Organization
WebPage
WebSite",Schema.org validation error,true
21,https://diwansuite.com/en/implementation-support-training,"Implementation, Support & Training | Diwan Suite",text/html,false,200,0,"BreadcrumbList
FAQPage
ItemList
Organization
Service
WebPage
WebSite",Schema.org validation error,true
21,https://diwansuite.com/ur/risk-committee-management-software,رسک کمیٹی مینجمنٹ سافٹ ویئر | Diwan Suite,text/html,false,200,0,"BreadcrumbList
ItemList
Organization
WebPage
WebSite",Schema.org validation error,true
21,https://diwansuite.com/ar/blog/meeting-minutes-vs-meeting-decision,الفرق بين محضر الاجتماع وقرار الاجتماع | ديوان سويت,text/html,false,200,0,"BreadcrumbList
FAQPage
ItemList
Organization
Service
WebPage
WebSite",Schema.org validation error,true
21,https://diwansuite.com/hi/manual-board-decision-tracking-vs-automated-platform,Manual Board Decision Tracking vs Automated Platform,text/html,false,200,0,"BreadcrumbList
ItemList
Organization
WebPage
WebSite",Schema.org validation error,true
21,https://diwansuite.com/hi/blog/how-to-choose-board-governance-software,كيف تختار برنامج حوكمة مجالس الإدارة؟ | ديوان سويت,text/html,false,200,0,"BreadcrumbList
FAQPage
ItemList
Organization
Service
WebPage
WebSite",Schema.org validation error,true
21,https://diwansuite.com/ar/meeting-minutes-software-vs-word-pdf,برنامج محاضر الاجتماعات vs Word/PDF | ديوان سويت,text/html,false,200,0,"BreadcrumbList
ItemList
Organization
WebPage
WebSite",Schema.org validation error,true
21,https://diwansuite.com/ar/electronic-voting-meetings,التصويت الإلكتروني في الاجتماعات | ديوان سويت,text/html,false,200,0,"BreadcrumbList
ItemList
Organization
WebPage
WebSite",Schema.org validation error,true
21,https://diwansuite.com/ar/board-portal-vs-teams-zoom,Board Portal vs Teams وZoom | ديوان سويت,text/html,false,200,0,"BreadcrumbList
ItemList
Organization
WebPage
WebSite",Schema.org validation error,true
21,https://diwansuite.com/en/general-assembly-management-software,General Assembly Management Software | Diwan Suite,text/html,false,200,0,"BreadcrumbList
ItemList
Organization
WebPage
WebSite",Schema.org validation error,true
21,https://diwansuite.com/en/ai-meeting-minutes-vs-manual-word-pdf,AI Meeting Minutes Software for Boards and Committees,text/html,false,200,0,"BreadcrumbList
ItemList
Organization
WebPage
WebSite",Schema.org validation error,true
21,https://diwansuite.com/ar/manual-committee-management-vs-governance-platform,إدارة اللجان يدويًا vs منصة حوكمة اللجان | ديوان سويت,text/html,false,200,0,"BreadcrumbList
ItemList
Organization
WebPage
WebSite",Schema.org validation error,true
21,https://diwansuite.com/en/blog/how-to-choose-board-governance-software,How to Choose Board Governance Software | Diwan Suite,text/html,false,200,0,"BreadcrumbList
FAQPage
ItemList
Organization
Service
WebPage
WebSite",Schema.org validation error,true
21,https://diwansuite.com/ar/board-of-directors-governance-software,برنامج حوكمة مجلس الإدارة | ديوان سويت,text/html,false,200,0,"BreadcrumbList
ItemList
Organization
WebPage
WebSite",Schema.org validation error,true
21,https://diwansuite.com/en/board-governance-software,Board Governance Software | Diwan Suite,text/html,false,200,0,"BreadcrumbList
ItemList
Organization
WebPage
WebSite",Schema.org validation error,true
21,https://diwansuite.com/en/universities-board-governance-software,University Board Governance Software | Diwan Suite,text/html,false,200,0,"BreadcrumbList
ItemList
Organization
WebPage
WebSite",Schema.org validation error,true
21,https://diwansuite.com/hi/general-assembly-management-software,जनरल असेंबली मैनेजमेंट सॉफ्टवेयर | Diwan Suite,text/html,false,200,0,"BreadcrumbList
ItemList
Organization
WebPage
WebSite",Schema.org validation error,true
21,https://diwansuite.com/ar/ai-meeting-minutes-vs-manual-word-pdf,برنامج محاضر اجتماعات بالذكاء الاصطناعي لمجالس الإدارة…,text/html,false,200,0,"BreadcrumbList
ItemList
Organization
WebPage
WebSite",Schema.org validation error,true
20,https://diwansuite.com/hi/security-compliance,सुरक्षा और अनुपालन | Diwan Suite,text/html,false,200,0,"BreadcrumbList
ItemList
Organization
Service
WebPage
WebSite",Schema.org validation error,true
20,https://diwansuite.com/hi/board-governance-software-government-saudi-arabia,Board Governance Software for Government Entities in Saudi…,text/html,false,200,0,"BreadcrumbList
ItemList
Organization
WebPage
WebSite",Schema.org validation error,true
20,https://diwansuite.com/en/blog/board-portal-vs-meeting-tools-guide,Board Portal vs General Meeting Tools | Diwan Suite,text/html,false,200,0,"BreadcrumbList
FAQPage
ItemList
Organization
Service
WebPage
WebSite",Schema.org validation error,true
20,https://diwansuite.com/en/board-portal-vs-sharepoint-google-drive,Board Portal vs SharePoint and Google Drive | Diwan Suite,text/html,false,200,0,"BreadcrumbList
ItemList
Organization
WebPage
WebSite",Schema.org validation error,true
20,https://diwansuite.com/ur/board-decision-management-vs-task-management,Board Decision Management vs Task Management Software,text/html,false,200,0,"BreadcrumbList
ItemList
Organization
WebPage
WebSite",Schema.org validation error,true
20,https://diwansuite.com/en/blog/general-assembly-quorum-importance,Why Quorum Matters in General Assemblies | Diwan Suite,text/html,false,200,0,"BreadcrumbList
FAQPage
ItemList
Organization
Service
WebPage
WebSite",Schema.org validation error,true
20,https://diwansuite.com/ur/blog/board-portal-vs-meeting-tools-guide,Board Portal vs برامج الاجتماعات العامة | ديوان سويت,text/html,false,200,0,"BreadcrumbList
FAQPage
ItemList
Organization
Service
WebPage
WebSite",Schema.org validation error,true
20,https://diwansuite.com/hi/corporate-meeting-management-software,कॉर्पोरेट मीटिंग मैनेजमेंट सॉफ्टवेयर | Diwan Suite,text/html,false,200,0,"BreadcrumbList
ItemList
Organization
WebPage
WebSite",Schema.org validation error,true
20,https://diwansuite.com/en/blog/what-is-meeting-management-software,What Is Meeting Management Software? | Diwan Suite,text/html,false,200,0,"BreadcrumbList
FAQPage
ItemList
Organization
Service
WebPage
WebSite",Schema.org validation error,true
20,https://diwansuite.com/hi/blog/ai-meeting-summaries-minutes,الذكاء الاصطناعي في تلخيص الاجتماعات والمحاضر | ديوان سويت,text/html,false,200,0,"BreadcrumbList
FAQPage
ItemList
Organization
Service
WebPage
WebSite",Schema.org validation error,true
20,https://diwansuite.com/ur/electronic-meeting-minutes-vs-paper-minutes,Electronic Meeting Minutes vs Paper Minutes | Diwan Suite,text/html,false,200,0,"BreadcrumbList
ItemList
Organization
WebPage
WebSite",Schema.org validation error,true
20,https://diwansuite.com/hi/blog/what-is-meeting-management-software,ما هو برنامج إدارة الاجتماعات؟ | ديوان سويت,text/html,false,200,0,"BreadcrumbList
FAQPage
ItemList
Organization
Service
WebPage
WebSite",Schema.org validation error,true
20,https://diwansuite.com/hi/blog/reduce-meeting-minutes-errors,كيف تقلل الأخطاء في محاضر الاجتماعات؟ | ديوان سويت,text/html,false,200,0,"BreadcrumbList
FAQPage
ItemList
Organization
Service
WebPage
WebSite",Schema.org validation error,true
20,https://diwansuite.com/ur/blog/general-assembly-quorum-importance,ما أهمية النصاب في الجمعيات العمومية؟ | ديوان سويت,text/html,false,200,0,"BreadcrumbList
FAQPage
ItemList
Organization
Service
WebPage
WebSite",Schema.org validation error,true
20,https://diwansuite.com/hi/board-decision-management-vs-task-management,Board Decision Management vs Task Management Software,text/html,false,200,0,"BreadcrumbList
ItemList
Organization
WebPage
WebSite",Schema.org validation error,true
20,https://diwansuite.com/en/blog/ai-meeting-summaries-minutes,AI for Meeting Summaries and Minutes | Diwan Suite,text/html,false,200,0,"BreadcrumbList
FAQPage
ItemList
Organization
Service
WebPage
WebSite",Schema.org validation error,true
20,https://diwansuite.com/hi/electronic-voting-meetings,बैठकों में इलेक्ट्रॉनिक वोटिंग | Diwan Suite,text/html,false,200,0,"BreadcrumbList
ItemList
Organization
WebPage
WebSite",Schema.org validation error,true
20,https://diwansuite.com/ur/blog/why-email-not-enough-board-governance,لماذا لا يكفي البريد الإلكتروني لإدارة مجالس الإدارة؟ |…,text/html,false,200,0,"BreadcrumbList
FAQPage
ItemList
Organization
Service
WebPage
WebSite",Schema.org validation error,true
20,https://diwansuite.com/hi/electronic-meeting-minutes-vs-paper-minutes,Electronic Meeting Minutes vs Paper Minutes | Diwan Suite,text/html,false,200,0,"BreadcrumbList
ItemList
Organization
WebPage
WebSite",Schema.org validation error,true
20,https://diwansuite.com/en/security-compliance,Security & Compliance | Diwan Suite,text/html,false,200,0,"BreadcrumbList
FAQPage
ItemList
Organization
Service
WebPage
WebSite",Schema.org validation error,true
20,https://diwansuite.com/hi/blog/general-assembly-quorum-importance,ما أهمية النصاب في الجمعيات العمومية؟ | ديوان سويت,text/html,false,200,0,"BreadcrumbList
FAQPage
ItemList
Organization
Service
WebPage
WebSite",Schema.org validation error,true
20,https://diwansuite.com/en/electronic-voting-meetings,Electronic Voting for Meetings | Diwan Suite,text/html,false,200,0,"BreadcrumbList
ItemList
Organization
WebPage
WebSite",Schema.org validation error,true
20,https://diwansuite.com/ur/security-compliance,سیکیورٹی اور تعمیل | Diwan Suite,text/html,false,200,0,"BreadcrumbList
ItemList
Organization
Service
WebPage
WebSite",Schema.org validation error,true
20,https://diwansuite.com/hi/blog/how-to-track-board-decisions,كيف تتابع تنفيذ قرارات مجلس الإدارة؟ | ديوان سويت,text/html,false,200,0,"BreadcrumbList
FAQPage
ItemList
Organization
Service
WebPage
WebSite",Schema.org validation error,true
20,https://diwansuite.com/ur/board-portal-vs-sharepoint-google-drive,Board Portal vs SharePoint and Google Drive | Diwan Suite,text/html,false,200,0,"BreadcrumbList
ItemList
Organization
WebPage
WebSite",Schema.org validation error,true
20,https://diwansuite.com/hi/board-portal-vs-sharepoint-google-drive,Board Portal vs SharePoint and Google Drive | Diwan Suite,text/html,false,200,0,"BreadcrumbList
ItemList
Organization
WebPage
WebSite",Schema.org validation error,true
20,https://diwansuite.com/en/blog/meeting-minutes-vs-meeting-decision,Meeting Minutes vs Meeting Decision | Diwan Suite,text/html,false,200,0,"BreadcrumbList
FAQPage
ItemList
Organization
Service
WebPage
WebSite",Schema.org validation error,true
20,https://diwansuite.com/ur/blog/meeting-minutes-vs-meeting-decision,الفرق بين محضر الاجتماع وقرار الاجتماع | ديوان سويت,text/html,false,200,0,"BreadcrumbList
FAQPage
ItemList
Organization
Service
WebPage
WebSite",Schema.org validation error,true
20,https://diwansuite.com/en/board-governance-software-government-saudi-arabia,Board Governance Software for Government Entities in Saudi…,text/html,false,200,0,"BreadcrumbList
ItemList
Organization
WebPage
WebSite",Schema.org validation error,true
20,https://diwansuite.com/en/electronic-meeting-minutes-vs-paper-minutes,Electronic Meeting Minutes vs Paper Minutes | Diwan Suite,text/html,false,200,0,"BreadcrumbList
ItemList
Organization
WebPage
WebSite",Schema.org validation error,true
20,https://diwansuite.com/ur/blog/reduce-meeting-minutes-errors,كيف تقلل الأخطاء في محاضر الاجتماعات؟ | ديوان سويت,text/html,false,200,0,"BreadcrumbList
FAQPage
ItemList
Organization
Service
WebPage
WebSite",Schema.org validation error,true
20,https://diwansuite.com/ur/blog/what-is-meeting-management-software,ما هو برنامج إدارة الاجتماعات؟ | ديوان سويت,text/html,false,200,0,"BreadcrumbList
FAQPage
ItemList
Organization
Service
WebPage
WebSite",Schema.org validation error,true
20,https://diwansuite.com/ur/electronic-voting-meetings,اجلاسوں میں الیکٹرانک ووٹنگ | Diwan Suite,text/html,false,200,0,"BreadcrumbList
ItemList
Organization
WebPage
WebSite",Schema.org validation error,true
20,https://diwansuite.com/ur/blog/ai-meeting-summaries-minutes,الذكاء الاصطناعي في تلخيص الاجتماعات والمحاضر | ديوان سويت,text/html,false,200,0,"BreadcrumbList
FAQPage
ItemList
Organization
Service
WebPage
WebSite",Schema.org validation error,true
20,https://diwansuite.com/en/blog/why-email-not-enough-board-governance,Why Email Is Not Enough for Board Governance | Diwan Suite,text/html,false,200,0,"BreadcrumbList
FAQPage
ItemList
Organization
Service
WebPage
WebSite",Schema.org validation error,true
20,https://diwansuite.com/ur/corporate-meeting-management-software,کارپوریٹ میٹنگ مینجمنٹ سافٹ ویئر | Diwan Suite,text/html,false,200,0,"BreadcrumbList
ItemList
Organization
WebPage
WebSite",Schema.org validation error,true
20,https://diwansuite.com/ur/blog/how-to-track-board-decisions,كيف تتابع تنفيذ قرارات مجلس الإدارة؟ | ديوان سويت,text/html,false,200,0,"BreadcrumbList
FAQPage
ItemList
Organization
Service
WebPage
WebSite",Schema.org validation error,true
20,https://diwansuite.com/hi/blog/meeting-minutes-vs-meeting-decision,الفرق بين محضر الاجتماع وقرار الاجتماع | ديوان سويت,text/html,false,200,0,"BreadcrumbList
FAQPage
ItemList
Organization
Service
WebPage
WebSite",Schema.org validation error,true
20,https://diwansuite.com/en/blog/how-to-track-board-decisions,How to Track Board Decision Execution | Diwan Suite,text/html,false,200,0,"BreadcrumbList
FAQPage
ItemList
Organization
Service
WebPage
WebSite",Schema.org validation error,true
20,https://diwansuite.com/hi/blog/board-portal-vs-meeting-tools-guide,Board Portal vs برامج الاجتماعات العامة | ديوان سويت,text/html,false,200,0,"BreadcrumbList
FAQPage
ItemList
Organization
Service
WebPage
WebSite",Schema.org validation error,true
20,https://diwansuite.com/en/board-decision-management-vs-task-management,Board Decision Management vs Task Management Software,text/html,false,200,0,"BreadcrumbList
ItemList
Organization
WebPage
WebSite",Schema.org validation error,true
20,https://diwansuite.com/ur/board-governance-software-government-saudi-arabia,Board Governance Software for Government Entities in Saudi…,text/html,false,200,0,"BreadcrumbList
ItemList
Organization
WebPage
WebSite",Schema.org validation error,true
20,https://diwansuite.com/hi/blog/why-email-not-enough-board-governance,لماذا لا يكفي البريد الإلكتروني لإدارة مجالس الإدارة؟ |…,text/html,false,200,0,"BreadcrumbList
FAQPage
ItemList
Organization
Service
WebPage
WebSite",Schema.org validation error,true
20,https://diwansuite.com/en/corporate-meeting-management-software,Corporate Meeting Management Software | Diwan Suite,text/html,false,200,0,"BreadcrumbList
ItemList
Organization
WebPage
WebSite",Schema.org validation error,true
20,https://diwansuite.com/en/blog/reduce-meeting-minutes-errors,How to Reduce Meeting Minutes Errors | Diwan Suite,text/html,false,200,0,"BreadcrumbList
FAQPage
ItemList
Organization
Service
WebPage
WebSite",Schema.org validation error,true
