PR,PR previous,URL,URL previous,Title,Title previous,Content type,Content type previous,Is rendered page,Is rendered page previous,HTTP status code,HTTP status code previous,Organic traffic,Organic traffic previous,Is indexable page,Is indexable page previous,Title patch,Title patch status,Meta description,Meta description previous,Meta description patch,Meta description patch status,H1,H1 previous,H2,H2 previous,No. of content words,No. of content words previous,No. of internal outlinks,No. of internal outlinks previous,No. of external outlinks,No. of external outlinks previous,Page text,Page text previous,Extracted text (raw <body>) (length),Extracted text (raw <body>) (length) previous,Text hash,Text hash previous,First found at,First found at previous
26,26,https://diwansuite.com/ar,https://diwansuite.com/ar,ديوان سويت | منصة حوكمة اجتماعات المجالس والقرارات,ديوان سويت | منصة حوكمة اجتماعات المجالس والقرارات,text/html,text/html,false,false,200,200,0,0,true,true,,,ديوان سويت منصة حوكمة مجالس الإدارة واللجان تُدير القرارات والمحاضر والتنفيذ والامتثال في بيئة مؤسسية واحدة مدعومة بالذكاء الاصطناعي وجاهزة للجهات السعودية.,ديوان سويت منصة حوكمة مجالس الإدارة واللجان تُدير القرارات والمحاضر والتنفيذ والامتثال في بيئة مؤسسية واحدة مدعومة بالذكاء الاصطناعي وجاهزة للجهات السعودية.,,,منصة حوكمة مجالس الإدارة واللجان وإدارة القرارات المؤسسية,حوكمة اجتماعات المجالس وتحويل القرارات إلى تنفيذ,"أين تفقد المجالس السيطرة على القرارات؟
إجابات واضحة قبل طلب العرض التوضيحي
كل ما تحتاجه لإدارة الحوكمة المؤسسية
لماذا تحتاج الجهات إلى حوكمة رقمية الآن؟
قبل وبعد ديوان سويت
كيف تتم إدارة الاجتماع داخل ديوان سويت؟
نتائج قابلة للقياس
ماذا يقول عملاؤنا عن ديوان سويت
ماذا يستفيد صناع القرار؟
شواهد عملية على دورة الحوكمة داخل النظام
من الحوار إلى محضر وقرارات ومهام قابلة للتنفيذ
ديوان سويت ليس أداة اجتماعات… بل منصة حوكمة وتنفيذ للقرارات
كيف يدعم ديوان سويت الامتثال والجاهزية للتدقيق؟
ما الذي تحتاجه الجهات الكبيرة قبل اعتماد المنصة؟
الباقات والأسعار
إجابات عملية على أكثر الأسئلة شيوعًا حول ديوان سويت
احجز عرض توضيحي","أين تفقد المجالس السيطرة على القرارات؟
إجابات واضحة قبل طلب العرض التوضيحي
كل ما تحتاجه لإدارة الحوكمة المؤسسية
لماذا تحتاج الجهات إلى حوكمة رقمية الآن؟
قبل وبعد ديوان سويت
كيف تتم إدارة الاجتماع داخل ديوان سويت؟
نتائج قابلة للقياس
ماذا يقول عملاؤنا عن ديوان سويت
ماذا يستفيد صناع القرار؟
شواهد عملية على دورة الحوكمة داخل النظام
من الحوار إلى محضر وقرارات ومهام قابلة للتنفيذ
ديوان سويت ليس أداة اجتماعات… بل منصة حوكمة وتنفيذ للقرارات
كيف يدعم ديوان سويت الامتثال والجاهزية للتدقيق؟
ما الذي تحتاجه الجهات الكبيرة قبل اعتماد المنصة؟
الباقات والأسعار
إجابات عملية على أكثر الأسئلة شيوعًا حول ديوان سويت
أدلة ومقالات ديوان سويت
احجز عرض توضيحي",10309,10339,34,45,0,0,<truncated>,<truncated>,156595,156964,17997817680529584738,4338365514520719215,,
25,5,https://diwansuite.com/en/ai-governance-decision-support,https://diwansuite.com/en/ai-governance-decision-support,"AI for Meetings, Minutes & Decisions | Diwan Suite",,text/html,text/html; charset=iso-8859-1,false,false,200,404,0,0,true,false,,,"Use AI for meeting summaries, minutes drafting, decision extraction, and structured follow-up while keeping final approval human-led.",,,,AI Governance & Decision Support,,"On this page
Related pages
Pages in the same track
Who it is for
What it solves
How it works
Current operational pain
How Diwan Suite addresses it
Key capabilities
How the workflow operates
Governance, compliance, and audit impact
Operational proof points
Executive outcomes
Page FAQs
Contact us
Explore more pages",,1650,0,32,0,0,0,<truncated>,,23493,,18034519347114053754,,,
25,5,https://diwansuite.com/en/support,https://diwansuite.com/en/support,Support & Enablement | Diwan Suite,,text/html,text/html; charset=iso-8859-1,false,false,200,404,0,0,true,false,,,"A support and enablement page covering launch planning, user training, service channels, and continuous improvement after go-live. Support and enablement in…",,,,Support & Enablement,,"On this page
Related pages
Pages in the same track
Who it is for
What it solves
How it works
Current operational pain
How Diwan Suite addresses it
Key capabilities
How the workflow operates
Executive outcomes
Page FAQs
Contact us
Explore more pages",,1381,0,34,0,0,0,<truncated>,,21371,,17327712514786063253,,,
25,5,https://diwansuite.com/en/ai-governance-assistant,https://diwansuite.com/en/ai-governance-assistant,AI Governance Assistant | Diwan Suite,,text/html,text/html; charset=iso-8859-1,false,false,200,404,0,0,true,false,,,"Diwan Suite AI Agent transforms meeting dialogue into actionable minutes, decisions, and executable tasks. After meetings end, it transcribes conversations,…",,,,AI Governance Assistant,,"On this page
Related pages
Pages in the same track
Who it is for
What it solves
How it works
Current operational pain
How Diwan Suite addresses it
Key capabilities
How the workflow operates
Executive outcomes
Page FAQs
Contact us
Explore more pages",,1716,0,32,0,0,0,<truncated>,,24004,,14853335914489696432,,,
25,5,https://diwansuite.com/en/sectors/general-assemblies-governance,https://diwansuite.com/en/sectors/general-assemblies-governance,Board and Committee Governance for General Assemblies,,text/html,text/html; charset=iso-8859-1,false,false,200,404,0,0,true,false,,,"Diwan Suite helps organizations run general assemblies with controlled invitations, agenda discipline, quorum validation, voting, minutes, decisions, and…",,,,Board and Committee Governance for General Assemblies,,"On this page
Related pages
Who it is for
What it solves
How it works
Key challenges in governing general assemblies
How Diwan Suite addresses these challenges
Executive value in general assemblies
Typical use cases in general assemblies
Common questions about manage general-assembly meetings, invitations, quorum, and voting
Request a tailored demo for general assemblies",,2523,0,32,0,0,0,<truncated>,,30384,,1085978336151171334,,,
25,5,https://diwansuite.com/en/sectors/homeowners-associations-governance,https://diwansuite.com/en/sectors/homeowners-associations-governance,Board and Committee Governance for Homeowners Associations,,text/html,text/html; charset=iso-8859-1,false,false,200,404,0,0,true,false,,,"Diwan Suite helps homeowners associations organize board meetings, assemblies, voting, minutes, shared decisions, and structured follow-up in one documented…",,,,Board and Committee Governance for Homeowners Associations,,"On this page
Related pages
Who it is for
What it solves
How it works
Main challenges in homeowners associations
How Diwan Suite addresses these challenges
Value for association leadership and committees
Use cases and operational value for homeowners associations
Common questions about manage board and general-assembly meetings for homeowners associations
Request a tailored demo for homeowners associations",,2378,0,32,0,0,0,<truncated>,,29481,,3310450636878492806,,,
25,5,https://diwansuite.com/en/governance-reports,https://diwansuite.com/en/governance-reports,Governance Reports | Diwan Suite,,text/html,text/html; charset=iso-8859-1,false,false,200,404,0,0,true,false,,,"A page focused on governance reporting for attendance, quorum, minutes approval, decision execution, and executive dashboards for board leadership.…",,,,Governance Reports,,"On this page
Related pages
Pages in the same track
Who it is for
What it solves
How it works
Current operational pain
How Diwan Suite addresses it
Key capabilities
How the workflow operates
Executive outcomes
Page FAQs
Contact us
Explore more pages",,1421,0,32,0,0,0,<truncated>,,21731,,605557437771467042,,,
25,5,https://diwansuite.com/en/governance-reports-dashboards,https://diwansuite.com/en/governance-reports-dashboards,Meeting Governance Reports & Dashboards | Diwan Suite,,text/html,text/html; charset=iso-8859-1,false,false,200,404,0,0,true,false,,,"Executive dashboards for meeting attendance, quorum, minutes approval, decision execution, and governance reporting.",,,,Governance Reports & Dashboards,,"On this page
Related pages
Pages in the same track
Who it is for
What it solves
How it works
Current operational pain
How Diwan Suite addresses it
Key capabilities
How the workflow operates
Governance, compliance, and audit impact
Operational proof points
Executive outcomes
Page FAQs
Contact us
Explore more pages",,1740,0,32,0,0,0,<truncated>,,24262,,1958487411034991370,,,
25,5,https://diwansuite.com/en/attendance-quorum-qr,https://diwansuite.com/en/attendance-quorum-qr,"Attendance, Quorum & Voting Management | Diwan Suite",,text/html,text/html; charset=iso-8859-1,false,false,200,404,0,0,true,false,,,"Capture attendance, calculate quorum, support controlled voting, and feed meeting minutes and dashboards with reliable participation data.",,,,"Attendance, Quorum & QR",,"On this page
Related pages
Pages in the same track
Who it is for
What it solves
How it works
Current operational pain
How Diwan Suite addresses it
Key capabilities
How the workflow operates
Governance, compliance, and audit impact
Operational proof points
Executive outcomes
Page FAQs
Contact us
Explore more pages",,1737,0,32,0,0,0,<truncated>,,24178,,17294843813190579365,,,
21,1,https://diwansuite.com/ur/blog/committee-governance-best-practices,https://diwansuite.com/ur/blog/committee-governance-best-practices,أفضل ممارسات حوكمة اجتماعات اللجان | ديوان سويت,,text/html,text/html,false,false,200,404,0,0,true,false,,,یہ مضمون governance challenge کو practical انداز میں سمجھاتا ہے اور بتاتا ہے کہ کب general tool کافی ہے اور کب specialized platform چاہیے۔ Diwan Suite میں یہ…,,,,أفضل ممارسات حوكمة اجتماعات اللجان,,"اس صفحے پر
متعلقہ صفحات
یہ کس کے لیے ہے
یہ کیا حل کرتا ہے
یہ کیسے کام کرتا ہے
عملی خلاصہ
Applied framework
عملی اقدامات
اہم نکات
عملی منظرنامہ
اکثر پوچھے جانے والے سوالات
اس guide کو operational workflow میں بدلیں
تجویز کردہ مطالعہ کا راستہ
مزید صفحات دیکھیں",,2085,0,38,0,0,0,<truncated>,,30501,,3309648028695913731,,,
21,1,https://diwansuite.com/ar/blog/ai-meeting-summaries-minutes,https://diwansuite.com/ar/blog/ai-meeting-summaries-minutes,الذكاء الاصطناعي في تلخيص الاجتماعات والمحاضر | ديوان سويت,,text/html,text/html,false,false,200,404,0,0,true,false,,,الذكاء الاصطناعي لا يغني عن المراجعة البشرية، لكنه يقلل العمل اليدوي ويحوّل محتوى الاجتماع إلى مسودة منظمة قابلة للاعتماد. تلخيص الاجتماعات بالذكاء الاصطناعي…,,,,كيف يساعد الذكاء الاصطناعي في تلخيص الاجتماعات والمحاضر؟,,"في هذه الصفحة
صفحات ذات صلة
لمن صُمم
ما الذي يعالجه
كيف يعمل
الخلاصة العملية
إطار تطبيقي مختصر
خطوات عملية
نقاط يجب تذكرها
سيناريو تطبيقي
أسئلة شائعة حول المقال
حوّل هذا الدليل إلى تطبيق عملي داخل جهتك
مسار قراءة مقترح
استكشف صفحات أخرى",,1721,0,37,0,0,0,<truncated>,,33669,,2546754762674420564,,,
21,1,https://diwansuite.com/hi/blog/committee-governance-best-practices,https://diwansuite.com/hi/blog/committee-governance-best-practices,أفضل ممارسات حوكمة اجتماعات اللجان | ديوان سويت,,text/html,text/html,false,false,200,404,0,0,true,false,,,यह लेख governance challenge को practical रूप से समझाता है और बताता है कि कब general tool पर्याप्त है और कब specialized platform चाहिए। Diwan Suite में यह…,,,,أفضل ممارسات حوكمة اجتماعات اللجان,,"इस पृष्ठ पर
संबंधित पृष्ठ
किसके लिए
यह क्या हल करता है
यह कैसे काम करता है
व्यावहारिक सारांश
Applied framework
व्यावहारिक चरण
मुख्य बातें
Applied scenario
अक्सर पूछे जाने वाले प्रश्न
इस guide को operational workflow में बदलें
सुझाया गया पढ़ने का मार्ग
और पृष्ठ देखें",,1991,0,38,0,0,0,<truncated>,,38402,,16741396483351948167,,,
21,1,https://diwansuite.com/ar/blog/board-portal-vs-meeting-tools-guide,https://diwansuite.com/ar/blog/board-portal-vs-meeting-tools-guide,Board Portal vs برامج الاجتماعات العامة | ديوان سويت,,text/html,text/html,false,false,200,404,0,0,true,false,,,Teams وZoom يعقدان الاجتماع، أما Board Portal فيدير الحوكمة قبل الاجتماع وأثناءه وبعده: جدول الأعمال، المحضر، القرار، الاعتماد، والتنفيذ. Board Portal هو…,,,,ما الفرق بين Board Portal وبرامج الاجتماعات العامة؟,,"في هذه الصفحة
صفحات ذات صلة
لمن صُمم
ما الذي يعالجه
كيف يعمل
الخلاصة العملية
إطار تطبيقي مختصر
خطوات عملية
نقاط يجب تذكرها
سيناريو تطبيقي
أسئلة شائعة حول المقال
حوّل هذا الدليل إلى تطبيق عملي داخل جهتك
مسار قراءة مقترح
استكشف صفحات أخرى",,1779,0,40,0,0,0,<truncated>,,33818,,3152744285993289858,,,
21,1,https://diwansuite.com/ar/blog/committee-governance-best-practices,https://diwansuite.com/ar/blog/committee-governance-best-practices,أفضل ممارسات حوكمة اجتماعات اللجان | ديوان سويت,,text/html,text/html,false,false,200,404,0,0,true,false,,,اللجنة الفعالة لا تكتفي بالنقاش؛ بل ترفع توصيات دقيقة وتتابع ما صدر عنها وتربط أعمالها بمجلس الإدارة والتقارير الرقابية. حوكمة اجتماعات اللجان هي تنظيم أعمال…,,,,أفضل ممارسات حوكمة اجتماعات اللجان,,"في هذه الصفحة
صفحات ذات صلة
لمن صُمم
ما الذي يعالجه
كيف يعمل
الخلاصة العملية
إطار تطبيقي مختصر
خطوات عملية
نقاط يجب تذكرها
سيناريو تطبيقي
أسئلة شائعة حول المقال
حوّل هذا الدليل إلى تطبيق عملي داخل جهتك
مسار قراءة مقترح
استكشف صفحات أخرى",,1704,0,38,0,0,0,<truncated>,,33216,,17602190216848669785,,,
21,1,https://diwansuite.com/ar/blog/what-is-meeting-management-software,https://diwansuite.com/ar/blog/what-is-meeting-management-software,ما هو برنامج إدارة الاجتماعات؟ | ديوان سويت,,text/html,text/html,false,false,200,404,0,0,true,false,,,برنامج إدارة الاجتماعات ليس مجرد تقويم أو دعوة اجتماع؛ بل منظومة تساعد المؤسسة على تحويل الاجتماع إلى جدول أعمال واضح، محضر موثق، قرارات قابلة للمتابعة،…,,,,ما هو برنامج إدارة الاجتماعات؟ دليل عملي للشركات والمجالس,,"في هذه الصفحة
صفحات ذات صلة
لمن صُمم
ما الذي يعالجه
كيف يعمل
الخلاصة العملية
إطار تطبيقي مختصر
خطوات عملية
نقاط يجب تذكرها
سيناريو تطبيقي
أسئلة شائعة حول المقال
حوّل هذا الدليل إلى تطبيق عملي داخل جهتك
مسار قراءة مقترح
استكشف صفحات أخرى",,1923,0,39,0,0,0,<truncated>,,35531,,13923623165652555573,,,
21,1,https://diwansuite.com/ar/blog/general-assembly-quorum-importance,https://diwansuite.com/ar/blog/general-assembly-quorum-importance,ما أهمية النصاب في الجمعيات العمومية؟ | ديوان سويت,,text/html,text/html,false,false,200,404,0,0,true,false,,,النصاب ليس رقمًا إداريًا فقط؛ بل شرط أساسي لصحة انعقاد الجمعية وسلامة القرارات. أي خطأ في الحضور أو التصويت قد يضعف موثوقية المخرجات. النصاب في الجمعية…,,,,ما أهمية النصاب في الجمعيات العمومية؟,,"في هذه الصفحة
صفحات ذات صلة
لمن صُمم
ما الذي يعالجه
كيف يعمل
الخلاصة العملية
إطار تطبيقي مختصر
خطوات عملية
نقاط يجب تذكرها
سيناريو تطبيقي
أسئلة شائعة حول المقال
حوّل هذا الدليل إلى تطبيق عملي داخل جهتك
مسار قراءة مقترح
استكشف صفحات أخرى",,1778,0,36,0,0,0,<truncated>,,33723,,18317726061106350864,,,
21,1,https://diwansuite.com/ar/blog/why-email-not-enough-board-governance,https://diwansuite.com/ar/blog/why-email-not-enough-board-governance,لماذا لا يكفي البريد الإلكتروني لإدارة مجالس الإدارة؟,,text/html,text/html,false,false,200,404,0,0,true,false,,,البريد ممتاز للتواصل، لكنه لا يقدم سجل قرارات مركزيًا ولا مسار اعتماد ولا متابعة تنفيذ ولا سجل تدقيق حوكمي. استخدام البريد لإدارة المجالس يعني الاعتماد على…,,,,لماذا لا يكفي البريد الإلكتروني لإدارة مجالس الإدارة؟,,"في هذه الصفحة
صفحات ذات صلة
لمن صُمم
ما الذي يعالجه
كيف يعمل
الخلاصة العملية
إطار تطبيقي مختصر
خطوات عملية
نقاط يجب تذكرها
سيناريو تطبيقي
أسئلة شائعة حول المقال
حوّل هذا الدليل إلى تطبيق عملي داخل جهتك
مسار قراءة مقترح
استكشف صفحات أخرى",,1755,0,42,0,0,0,<truncated>,,33537,,17252681190406867070,,,
21,1,https://diwansuite.com/en/blog/committee-governance-best-practices,https://diwansuite.com/en/blog/committee-governance-best-practices,Committee Meeting Governance Best Practices | Diwan Suite,,text/html,text/html,false,false,200,404,0,0,true,false,,,"An effective committee does not stop at discussion. It produces precise recommendations, tracks outcomes, and connects its work to the board and compliance…",,,,Best Practices for Committee Meeting Governance,,"On this page
Related pages
Who it is for
What it solves
How it works
Practical summary
Applied framework
Practical steps
Key takeaways
Applied scenario
Frequently asked questions
Turn this guide into an operational workflow
Suggested reading path
Explore more pages",,1814,0,38,0,0,0,<truncated>,,24891,,3591345260583861659,,,
21,1,https://diwansuite.com/ar/blog/reduce-meeting-minutes-errors,https://diwansuite.com/ar/blog/reduce-meeting-minutes-errors,كيف تقلل الأخطاء في محاضر الاجتماعات؟ | ديوان سويت,,text/html,text/html,false,false,200,404,0,0,true,false,,,أخطاء المحاضر غالبًا تأتي من الكتابة المتأخرة، القوالب غير الموحدة، تعدد النسخ، وعدم ربط القرار بمهمة واضحة. تقليل أخطاء المحاضر يعني توحيد القالب، ضبط…,,,,كيف تقلل الأخطاء في محاضر الاجتماعات؟,,"في هذه الصفحة
صفحات ذات صلة
لمن صُمم
ما الذي يعالجه
كيف يعمل
الخلاصة العملية
إطار تطبيقي مختصر
خطوات عملية
نقاط يجب تذكرها
سيناريو تطبيقي
أسئلة شائعة حول المقال
حوّل هذا الدليل إلى تطبيق عملي داخل جهتك
مسار قراءة مقترح
استكشف صفحات أخرى",,1703,0,37,0,0,0,<truncated>,,33277,,1197668071369960661,,,
21,1,https://diwansuite.com/ur/blog/how-to-choose-board-governance-software,https://diwansuite.com/ur/blog/how-to-choose-board-governance-software,كيف تختار برنامج حوكمة مجالس الإدارة؟ | ديوان سويت,,text/html,text/html,false,false,200,404,0,0,true,false,,,یہ مضمون governance challenge کو practical انداز میں سمجھاتا ہے اور بتاتا ہے کہ کب general tool کافی ہے اور کب specialized platform چاہیے۔ Diwan Suite میں یہ…,,,,كيف تختار برنامج حوكمة مجالس الإدارة؟,,"اس صفحے پر
متعلقہ صفحات
یہ کس کے لیے ہے
یہ کیا حل کرتا ہے
یہ کیسے کام کرتا ہے
عملی خلاصہ
Applied framework
عملی اقدامات
اہم نکات
عملی منظرنامہ
اکثر پوچھے جانے والے سوالات
اس guide کو operational workflow میں بدلیں
تجویز کردہ مطالعہ کا راستہ
مزید صفحات دیکھیں",,2084,0,39,0,0,0,<truncated>,,30477,,819499559953912876,,,
21,1,https://diwansuite.com/ar/blog/how-to-choose-board-governance-software,https://diwansuite.com/ar/blog/how-to-choose-board-governance-software,كيف تختار برنامج حوكمة مجالس الإدارة؟ | ديوان سويت,,text/html,text/html,false,false,200,404,0,0,true,false,,,اختيار برنامج حوكمة المجالس يجب أن يبدأ من دورة القرار وليس من شكل الواجهة فقط. المنصة المناسبة تربط المجلس واللجان والجمعيات بالمحاضر والقرارات والاعتماد…,,,,كيف تختار برنامج حوكمة مجالس الإدارة؟,,"في هذه الصفحة
صفحات ذات صلة
لمن صُمم
ما الذي يعالجه
كيف يعمل
الخلاصة العملية
إطار تطبيقي مختصر
خطوات عملية
نقاط يجب تذكرها
سيناريو تطبيقي
أسئلة شائعة حول المقال
حوّل هذا الدليل إلى تطبيق عملي داخل جهتك
مسار قراءة مقترح
استكشف صفحات أخرى",,1779,0,39,0,0,0,<truncated>,,34071,,1603207980391745491,,,
21,1,https://diwansuite.com/ar/blog/how-to-track-board-decisions,https://diwansuite.com/ar/blog/how-to-track-board-decisions,كيف تتابع تنفيذ قرارات مجلس الإدارة؟ | ديوان سويت,,text/html,text/html,false,false,200,404,0,0,true,false,,,المشكلة ليست في صدور القرار، بل في ضمان تنفيذه وقياس أثره. المتابعة الصحيحة تحول القرار إلى التزام واضح له مسؤول ومؤشر إنجاز. متابعة قرارات مجلس الإدارة هي…,,,,كيف تتابع تنفيذ قرارات مجلس الإدارة؟,,"في هذه الصفحة
صفحات ذات صلة
لمن صُمم
ما الذي يعالجه
كيف يعمل
الخلاصة العملية
إطار تطبيقي مختصر
خطوات عملية
نقاط يجب تذكرها
سيناريو تطبيقي
أسئلة شائعة حول المقال
حوّل هذا الدليل إلى تطبيق عملي داخل جهتك
مسار قراءة مقترح
استكشف صفحات أخرى",,1767,0,36,0,0,0,<truncated>,,33563,,278305745062405329,,,
21,1,https://diwansuite.com/hi/blog/how-to-choose-board-governance-software,https://diwansuite.com/hi/blog/how-to-choose-board-governance-software,كيف تختار برنامج حوكمة مجالس الإدارة؟ | ديوان سويت,,text/html,text/html,false,false,200,404,0,0,true,false,,,यह लेख governance challenge को practical रूप से समझाता है और बताता है कि कब general tool पर्याप्त है और कब specialized platform चाहिए। Diwan Suite में यह…,,,,كيف تختار برنامج حوكمة مجالس الإدارة؟,,"इस पृष्ठ पर
संबंधित पृष्ठ
किसके लिए
यह क्या हल करता है
यह कैसे काम करता है
व्यावहारिक सारांश
Applied framework
व्यावहारिक चरण
मुख्य बातें
Applied scenario
अक्सर पूछे जाने वाले प्रश्न
इस guide को operational workflow में बदलें
सुझाया गया पढ़ने का मार्ग
और पृष्ठ देखें",,1989,0,39,0,0,0,<truncated>,,38407,,3138935819643941479,,,
21,1,https://diwansuite.com/en/blog/how-to-choose-board-governance-software,https://diwansuite.com/en/blog/how-to-choose-board-governance-software,How to Choose Board Governance Software | Diwan Suite,,text/html,text/html,false,false,200,404,0,0,true,false,,,"Choosing board governance software should start from the decision lifecycle, not only the interface. The right platform links boards, committees, and…",,,,How to Choose Board Governance Software,,"On this page
Related pages
Who it is for
What it solves
How it works
Practical summary
Applied framework
Practical steps
Key takeaways
Applied scenario
Frequently asked questions
Turn this guide into an operational workflow
Suggested reading path
Explore more pages",,1894,0,39,0,0,0,<truncated>,,25297,,16757609336006548814,,,
20,0,https://diwansuite.com/en/blog/board-portal-vs-meeting-tools-guide,https://diwansuite.com/en/blog/board-portal-vs-meeting-tools-guide,Board Portal vs General Meeting Tools | Diwan Suite,,text/html,text/html,false,false,200,404,0,0,true,false,,,"Teams and Zoom hold the meeting; a Board Portal governs the process before, during, and after it: agenda, minutes, decisions, approvals, and execution. A…",,,,Board Portal vs General Meeting Tools,,"On this page
Related pages
Who it is for
What it solves
How it works
Practical summary
Applied framework
Practical steps
Key takeaways
Applied scenario
Frequently asked questions
Turn this guide into an operational workflow
Suggested reading path
Explore more pages",,1903,0,40,0,0,0,<truncated>,,25119,,16133242423574132922,,,
20,0,https://diwansuite.com/en/blog/general-assembly-quorum-importance,https://diwansuite.com/en/blog/general-assembly-quorum-importance,Why Quorum Matters in General Assemblies | Diwan Suite,,text/html,text/html,false,false,200,404,0,0,true,false,,,Quorum is not just an administrative number; it is a core condition for valid assemblies and reliable decisions. Attendance or voting errors can weaken the…,,,,Why Quorum Matters in General Assemblies,,"On this page
Related pages
Who it is for
What it solves
How it works
Practical summary
Applied framework
Practical steps
Key takeaways
Applied scenario
Frequently asked questions
Turn this guide into an operational workflow
Suggested reading path
Explore more pages",,1918,0,36,0,0,0,<truncated>,,25202,,17603697750663404663,,,
20,0,https://diwansuite.com/ur/blog/board-portal-vs-meeting-tools-guide,https://diwansuite.com/ur/blog/board-portal-vs-meeting-tools-guide,Board Portal vs برامج الاجتماعات العامة | ديوان سويت,,text/html,text/html,false,false,200,404,0,0,true,false,,,یہ مضمون governance challenge کو practical انداز میں سمجھاتا ہے اور بتاتا ہے کہ کب general tool کافی ہے اور کب specialized platform چاہیے۔ Diwan Suite میں یہ…,,,,ما الفرق بين Board Portal وبرامج الاجتماعات العامة؟,,"اس صفحے پر
متعلقہ صفحات
یہ کس کے لیے ہے
یہ کیا حل کرتا ہے
یہ کیسے کام کرتا ہے
عملی خلاصہ
Applied framework
عملی اقدامات
اہم نکات
عملی منظرنامہ
اکثر پوچھے جانے والے سوالات
اس guide کو operational workflow میں بدلیں
تجویز کردہ مطالعہ کا راستہ
مزید صفحات دیکھیں",,2118,0,40,0,0,0,<truncated>,,30569,,13885653146901822504,,,
20,0,https://diwansuite.com/en/blog/what-is-meeting-management-software,https://diwansuite.com/en/blog/what-is-meeting-management-software,What Is Meeting Management Software? | Diwan Suite,,text/html,text/html,false,false,200,404,0,0,true,false,,,"Meeting management software is not just a calendar or meeting invite. It helps an organization turn meetings into structured agendas, documented minutes,…",,,,What Is Meeting Management Software? A Practical Guide for Companies and Boards,,"On this page
Related pages
Who it is for
What it solves
How it works
Practical summary
Applied framework
Practical steps
Key takeaways
Applied scenario
Frequently asked questions
Turn this guide into an operational workflow
Suggested reading path
Explore more pages",,1952,0,39,0,0,0,<truncated>,,25723,,14408743482924210073,,,
20,0,https://diwansuite.com/hi/blog/ai-meeting-summaries-minutes,https://diwansuite.com/hi/blog/ai-meeting-summaries-minutes,الذكاء الاصطناعي في تلخيص الاجتماعات والمحاضر | ديوان سويت,,text/html,text/html,false,false,200,404,0,0,true,false,,,यह लेख governance challenge को practical रूप से समझाता है और बताता है कि कब general tool पर्याप्त है और कब specialized platform चाहिए। Diwan Suite में यह…,,,,كيف يساعد الذكاء الاصطناعي في تلخيص الاجتماعات والمحاضر؟,,"इस पृष्ठ पर
संबंधित पृष्ठ
किसके लिए
यह क्या हल करता है
यह कैसे काम करता है
व्यावहारिक सारांश
Applied framework
व्यावहारिक चरण
मुख्य बातें
Applied scenario
अक्सर पूछे जाने वाले प्रश्न
इस guide को operational workflow में बदलें
सुझाया गया पढ़ने का मार्ग
और पृष्ठ देखें",,2003,0,37,0,0,0,<truncated>,,38284,,3136792072740386416,,,
20,0,https://diwansuite.com/hi/blog/what-is-meeting-management-software,https://diwansuite.com/hi/blog/what-is-meeting-management-software,ما هو برنامج إدارة الاجتماعات؟ | ديوان سويت,,text/html,text/html,false,false,200,404,0,0,true,false,,,यह लेख governance challenge को practical रूप से समझाता है और बताता है कि कब general tool पर्याप्त है और कब specialized platform चाहिए। Diwan Suite में यह…,,,,ما هو برنامج إدارة الاجتماعات؟ دليل عملي للشركات والمجالس,,"इस पृष्ठ पर
संबंधित पृष्ठ
किसके लिए
यह क्या हल करता है
यह कैसे काम करता है
व्यावहारिक सारांश
Applied framework
व्यावहारिक चरण
मुख्य बातें
Applied scenario
अक्सर पूछे जाने वाले प्रश्न
इस guide को operational workflow में बदलें
सुझाया गया पढ़ने का मार्ग
और पृष्ठ देखें",,2006,0,39,0,0,0,<truncated>,,38511,,15916397291796066202,,,
20,0,https://diwansuite.com/hi/blog/reduce-meeting-minutes-errors,https://diwansuite.com/hi/blog/reduce-meeting-minutes-errors,كيف تقلل الأخطاء في محاضر الاجتماعات؟ | ديوان سويت,,text/html,text/html,false,false,200,404,0,0,true,false,,,यह लेख governance challenge को practical रूप से समझाता है और बताता है कि कब general tool पर्याप्त है और कब specialized platform चाहिए। Diwan Suite में यह…,,,,كيف تقلل الأخطاء في محاضر الاجتماعات؟,,"इस पृष्ठ पर
संबंधित पृष्ठ
किसके लिए
यह क्या हल करता है
यह कैसे काम करता है
व्यावहारिक सारांश
Applied framework
व्यावहारिक चरण
मुख्य बातें
Applied scenario
अक्सर पूछे जाने वाले प्रश्न
इस guide को operational workflow में बदलें
सुझाया गया पढ़ने का मार्ग
और पृष्ठ देखें",,1999,0,37,0,0,0,<truncated>,,38141,,17902852731218322805,,,
20,0,https://diwansuite.com/ur/blog/general-assembly-quorum-importance,https://diwansuite.com/ur/blog/general-assembly-quorum-importance,ما أهمية النصاب في الجمعيات العمومية؟ | ديوان سويت,,text/html,text/html,false,false,200,404,0,0,true,false,,,یہ مضمون governance challenge کو practical انداز میں سمجھاتا ہے اور بتاتا ہے کہ کب general tool کافی ہے اور کب specialized platform چاہیے۔ Diwan Suite میں یہ…,,,,ما أهمية النصاب في الجمعيات العمومية؟,,"اس صفحے پر
متعلقہ صفحات
یہ کس کے لیے ہے
یہ کیا حل کرتا ہے
یہ کیسے کام کرتا ہے
عملی خلاصہ
Applied framework
عملی اقدامات
اہم نکات
عملی منظرنامہ
اکثر پوچھے جانے والے سوالات
اس guide کو operational workflow میں بدلیں
تجویز کردہ مطالعہ کا راستہ
مزید صفحات دیکھیں",,2091,0,36,0,0,0,<truncated>,,30559,,15824316249393665197,,,
20,0,https://diwansuite.com/en/blog/ai-meeting-summaries-minutes,https://diwansuite.com/en/blog/ai-meeting-summaries-minutes,AI for Meeting Summaries and Minutes | Diwan Suite,,text/html,text/html,false,false,200,404,0,0,true,false,,,"AI does not replace human review, but it reduces manual work and turns meeting content into a structured draft ready for approval. AI meeting summarization…",,,,How AI Helps Summarize Meetings and Minutes,,"On this page
Related pages
Who it is for
What it solves
How it works
Practical summary
Applied framework
Practical steps
Key takeaways
Applied scenario
Frequently asked questions
Turn this guide into an operational workflow
Suggested reading path
Explore more pages",,1834,0,37,0,0,0,<truncated>,,24631,,13913069424666300642,,,
20,0,https://diwansuite.com/ur/blog/why-email-not-enough-board-governance,https://diwansuite.com/ur/blog/why-email-not-enough-board-governance,لماذا لا يكفي البريد الإلكتروني لإدارة مجالس الإدارة؟ |…,,text/html,text/html,false,false,200,404,0,0,true,false,,,یہ مضمون governance challenge کو practical انداز میں سمجھاتا ہے اور بتاتا ہے کہ کب general tool کافی ہے اور کب specialized platform چاہیے۔ Diwan Suite میں یہ…,,,,لماذا لا يكفي البريد الإلكتروني لإدارة مجالس الإدارة؟,,"اس صفحے پر
متعلقہ صفحات
یہ کس کے لیے ہے
یہ کیا حل کرتا ہے
یہ کیسے کام کرتا ہے
عملی خلاصہ
Applied framework
عملی اقدامات
اہم نکات
عملی منظرنامہ
اکثر پوچھے جانے والے سوالات
اس guide کو operational workflow میں بدلیں
تجویز کردہ مطالعہ کا راستہ
مزید صفحات دیکھیں",,2122,0,42,0,0,0,<truncated>,,30693,,15610377033362521830,,,
20,0,https://diwansuite.com/en/security-compliance,https://diwansuite.com/en/security-compliance,Security & Compliance | Diwan Suite,,text/html,text/html; charset=iso-8859-1,false,false,200,404,0,0,true,false,,,"A trust page covering protection layers, permissions, audit trails, backup, recovery, and readiness for regulated or high-sensitivity environments. Security…",,,,Security & Compliance,,"On this page
Related pages
Pages in the same track
Who it is for
What it solves
How it works
Current operational pain
How Diwan Suite addresses it
Key capabilities
How the workflow operates
Executive outcomes
Page FAQs
Contact us
Explore more pages",,1410,0,35,0,0,0,<truncated>,,21667,,1295862580653064901,,,
20,0,https://diwansuite.com/hi/blog/general-assembly-quorum-importance,https://diwansuite.com/hi/blog/general-assembly-quorum-importance,ما أهمية النصاب في الجمعيات العمومية؟ | ديوان سويت,,text/html,text/html,false,false,200,404,0,0,true,false,,,यह लेख governance challenge को practical रूप से समझाता है और बताता है कि कब general tool पर्याप्त है और कब specialized platform चाहिए। Diwan Suite में यह…,,,,ما أهمية النصاب في الجمعيات العمومية؟,,"इस पृष्ठ पर
संबंधित पृष्ठ
किसके लिए
यह क्या हल करता है
यह कैसे काम करता है
व्यावहारिक सारांश
Applied framework
व्यावहारिक चरण
मुख्य बातें
Applied scenario
अक्सर पूछे जाने वाले प्रश्न
इस guide को operational workflow में बदलें
सुझाया गया पढ़ने का मार्ग
और पृष्ठ देखें",,2003,0,36,0,0,0,<truncated>,,38464,,4000796649574727408,,,
20,0,https://diwansuite.com/hi/blog/how-to-track-board-decisions,https://diwansuite.com/hi/blog/how-to-track-board-decisions,كيف تتابع تنفيذ قرارات مجلس الإدارة؟ | ديوان سويت,,text/html,text/html,false,false,200,404,0,0,true,false,,,यह लेख governance challenge को practical रूप से समझाता है और बताता है कि कब general tool पर्याप्त है और कब specialized platform चाहिए। Diwan Suite में यह…,,,,كيف تتابع تنفيذ قرارات مجلس الإدارة؟,,"इस पृष्ठ पर
संबंधित पृष्ठ
किसके लिए
यह क्या हल करता है
यह कैसे काम करता है
व्यावहारिक सारांश
Applied framework
व्यावहारिक चरण
मुख्य बातें
Applied scenario
अक्सर पूछे जाने वाले प्रश्न
इस guide को operational workflow में बदलें
सुझाया गया पढ़ने का मार्ग
और पृष्ठ देखें",,2009,0,36,0,0,0,<truncated>,,38367,,3045700641633206835,,,
20,0,https://diwansuite.com/en/blog/meeting-minutes-vs-meeting-decision,https://diwansuite.com/en/blog/meeting-minutes-vs-meeting-decision,Meeting Minutes vs Meeting Decision | Diwan Suite,,text/html,text/html,false,false,200,404,0,0,true,false,,,"Minutes document what happened in a meeting, while a decision is a formal output that must be executed and tracked. Mixing the two causes execution delays…",,,,Meeting Minutes vs Meeting Decision: What Is the Difference?,,"On this page
Related pages
Who it is for
What it solves
How it works
Practical summary
Applied framework
Practical steps
Key takeaways
Applied scenario
Frequently asked questions
Turn this guide into an operational workflow
Suggested reading path
Explore more pages",,1940,0,38,0,0,0,<truncated>,,25293,,1195665089742222033,,,
20,0,https://diwansuite.com/ur/blog/meeting-minutes-vs-meeting-decision,https://diwansuite.com/ur/blog/meeting-minutes-vs-meeting-decision,الفرق بين محضر الاجتماع وقرار الاجتماع | ديوان سويت,,text/html,text/html,false,false,200,404,0,0,true,false,,,یہ مضمون governance challenge کو practical انداز میں سمجھاتا ہے اور بتاتا ہے کہ کب general tool کافی ہے اور کب specialized platform چاہیے۔ Diwan Suite میں یہ…,,,,الفرق بين محضر الاجتماع وقرار الاجتماع,,"اس صفحے پر
متعلقہ صفحات
یہ کس کے لیے ہے
یہ کیا حل کرتا ہے
یہ کیسے کام کرتا ہے
عملی خلاصہ
Applied framework
عملی اقدامات
اہم نکات
عملی منظرنامہ
اکثر پوچھے جانے والے سوالات
اس guide کو operational workflow میں بدلیں
تجویز کردہ مطالعہ کا راستہ
مزید صفحات دیکھیں",,2090,0,38,0,0,0,<truncated>,,30435,,1316325153307712764,,,
20,0,https://diwansuite.com/ur/blog/reduce-meeting-minutes-errors,https://diwansuite.com/ur/blog/reduce-meeting-minutes-errors,كيف تقلل الأخطاء في محاضر الاجتماعات؟ | ديوان سويت,,text/html,text/html,false,false,200,404,0,0,true,false,,,یہ مضمون governance challenge کو practical انداز میں سمجھاتا ہے اور بتاتا ہے کہ کب general tool کافی ہے اور کب specialized platform چاہیے۔ Diwan Suite میں یہ…,,,,كيف تقلل الأخطاء في محاضر الاجتماعات؟,,"اس صفحے پر
متعلقہ صفحات
یہ کس کے لیے ہے
یہ کیا حل کرتا ہے
یہ کیسے کام کرتا ہے
عملی خلاصہ
Applied framework
عملی اقدامات
اہم نکات
عملی منظرنامہ
اکثر پوچھے جانے والے سوالات
اس guide کو operational workflow میں بدلیں
تجویز کردہ مطالعہ کا راستہ
مزید صفحات دیکھیں",,2089,0,37,0,0,0,<truncated>,,30386,,15247234839589094045,,,
20,0,https://diwansuite.com/ur/blog/what-is-meeting-management-software,https://diwansuite.com/ur/blog/what-is-meeting-management-software,ما هو برنامج إدارة الاجتماعات؟ | ديوان سويت,,text/html,text/html,false,false,200,404,0,0,true,false,,,یہ مضمون governance challenge کو practical انداز میں سمجھاتا ہے اور بتاتا ہے کہ کب general tool کافی ہے اور کب specialized platform چاہیے۔ Diwan Suite میں یہ…,,,,ما هو برنامج إدارة الاجتماعات؟ دليل عملي للشركات والمجالس,,"اس صفحے پر
متعلقہ صفحات
یہ کس کے لیے ہے
یہ کیا حل کرتا ہے
یہ کیسے کام کرتا ہے
عملی خلاصہ
Applied framework
عملی اقدامات
اہم نکات
عملی منظرنامہ
اکثر پوچھے جانے والے سوالات
اس guide کو operational workflow میں بدلیں
تجویز کردہ مطالعہ کا راستہ
مزید صفحات دیکھیں",,2101,0,39,0,0,0,<truncated>,,30620,,15936665166064229831,,,
20,0,https://diwansuite.com/ur/blog/ai-meeting-summaries-minutes,https://diwansuite.com/ur/blog/ai-meeting-summaries-minutes,الذكاء الاصطناعي في تلخيص الاجتماعات والمحاضر | ديوان سويت,,text/html,text/html,false,false,200,404,0,0,true,false,,,یہ مضمون governance challenge کو practical انداز میں سمجھاتا ہے اور بتاتا ہے کہ کب general tool کافی ہے اور کب specialized platform چاہیے۔ Diwan Suite میں یہ…,,,,كيف يساعد الذكاء الاصطناعي في تلخيص الاجتماعات والمحاضر؟,,"اس صفحے پر
متعلقہ صفحات
یہ کس کے لیے ہے
یہ کیا حل کرتا ہے
یہ کیسے کام کرتا ہے
عملی خلاصہ
Applied framework
عملی اقدامات
اہم نکات
عملی منظرنامہ
اکثر پوچھے جانے والے سوالات
اس guide کو operational workflow میں بدلیں
تجویز کردہ مطالعہ کا راستہ
مزید صفحات دیکھیں",,2093,0,37,0,0,0,<truncated>,,30514,,2860397061940082710,,,
20,0,https://diwansuite.com/en/blog/why-email-not-enough-board-governance,https://diwansuite.com/en/blog/why-email-not-enough-board-governance,Why Email Is Not Enough for Board Governance | Diwan Suite,,text/html,text/html,false,false,200,404,0,0,true,false,,,"Email is useful for communication, but it does not provide a central decision record, approval workflow, execution tracking, or governance audit trail. Using…",,,,Why Email Is Not Enough for Board Governance,,"On this page
Related pages
Who it is for
What it solves
How it works
Practical summary
Applied framework
Practical steps
Key takeaways
Applied scenario
Frequently asked questions
Turn this guide into an operational workflow
Suggested reading path
Explore more pages",,1890,0,42,0,0,0,<truncated>,,24935,,2924063309211750306,,,
20,0,https://diwansuite.com/ur/blog/how-to-track-board-decisions,https://diwansuite.com/ur/blog/how-to-track-board-decisions,كيف تتابع تنفيذ قرارات مجلس الإدارة؟ | ديوان سويت,,text/html,text/html,false,false,200,404,0,0,true,false,,,یہ مضمون governance challenge کو practical انداز میں سمجھاتا ہے اور بتاتا ہے کہ کب general tool کافی ہے اور کب specialized platform چاہیے۔ Diwan Suite میں یہ…,,,,كيف تتابع تنفيذ قرارات مجلس الإدارة؟,,"اس صفحے پر
متعلقہ صفحات
یہ کس کے لیے ہے
یہ کیا حل کرتا ہے
یہ کیسے کام کرتا ہے
عملی خلاصہ
Applied framework
عملی اقدامات
اہم نکات
عملی منظرنامہ
اکثر پوچھے جانے والے سوالات
اس guide کو operational workflow میں بدلیں
تجویز کردہ مطالعہ کا راستہ
مزید صفحات دیکھیں",,2101,0,36,0,0,0,<truncated>,,30537,,3708960137409844486,,,
20,0,https://diwansuite.com/hi/blog/meeting-minutes-vs-meeting-decision,https://diwansuite.com/hi/blog/meeting-minutes-vs-meeting-decision,الفرق بين محضر الاجتماع وقرار الاجتماع | ديوان سويت,,text/html,text/html,false,false,200,404,0,0,true,false,,,यह लेख governance challenge को practical रूप से समझाता है और बताता है कि कब general tool पर्याप्त है और कब specialized platform चाहिए। Diwan Suite में यह…,,,,الفرق بين محضر الاجتماع وقرار الاجتماع,,"इस पृष्ठ पर
संबंधित पृष्ठ
किसके लिए
यह क्या हल करता है
यह कैसे काम करता है
व्यावहारिक सारांश
Applied framework
व्यावहारिक चरण
मुख्य बातें
Applied scenario
अक्सर पूछे जाने वाले प्रश्न
इस guide को operational workflow में बदलें
सुझाया गया पढ़ने का मार्ग
और पृष्ठ देखें",,1998,0,38,0,0,0,<truncated>,,38220,,13995992865609993938,,,
20,0,https://diwansuite.com/en/blog/how-to-track-board-decisions,https://diwansuite.com/en/blog/how-to-track-board-decisions,How to Track Board Decision Execution | Diwan Suite,,text/html,text/html,false,false,200,404,0,0,true,false,,,The problem is not issuing the decision; it is ensuring execution and measuring impact. Proper follow-up turns a decision into a clear commitment with an…,,,,How to Track Board Decision Execution,,"On this page
Related pages
Who it is for
What it solves
How it works
Practical summary
Applied framework
Practical steps
Key takeaways
Applied scenario
Frequently asked questions
Turn this guide into an operational workflow
Suggested reading path
Explore more pages",,1930,0,36,0,0,0,<truncated>,,25200,,1428243193750872416,,,
20,0,https://diwansuite.com/hi/blog/board-portal-vs-meeting-tools-guide,https://diwansuite.com/hi/blog/board-portal-vs-meeting-tools-guide,Board Portal vs برامج الاجتماعات العامة | ديوان سويت,,text/html,text/html,false,false,200,404,0,0,true,false,,,यह लेख governance challenge को practical रूप से समझाता है और बताता है कि कब general tool पर्याप्त है और कब specialized platform चाहिए। Diwan Suite में यह…,,,,ما الفرق بين Board Portal وبرامج الاجتماعات العامة؟,,"इस पृष्ठ पर
संबंधित पृष्ठ
किसके लिए
यह क्या हल करता है
यह कैसे काम करता है
व्यावहारिक सारांश
Applied framework
व्यावहारिक चरण
मुख्य बातें
Applied scenario
अक्सर पूछे जाने वाले प्रश्न
इस guide को operational workflow में बदलें
सुझाया गया पढ़ने का मार्ग
और पृष्ठ देखें",,2032,0,40,0,0,0,<truncated>,,38284,,14222271213049989758,,,
20,1,https://diwansuite.com/ar/blog/meeting-minutes-vs-meeting-decision,https://diwansuite.com/ar/blog/meeting-minutes-vs-meeting-decision,الفرق بين محضر الاجتماع وقرار الاجتماع | ديوان سويت,,text/html,text/html,false,false,200,404,0,0,true,false,,,المحضر يوثق ما جرى في الاجتماع، أما القرار فهو مخرج رسمي يجب أن يُنفذ ويُتابع. الخلط بينهما يسبب تأخر التنفيذ وضعف المساءلة. محضر الاجتماع سجل رسمي للنقاشات…,,,,الفرق بين محضر الاجتماع وقرار الاجتماع,,"في هذه الصفحة
صفحات ذات صلة
لمن صُمم
ما الذي يعالجه
كيف يعمل
الخلاصة العملية
إطار تطبيقي مختصر
خطوات عملية
نقاط يجب تذكرها
سيناريو تطبيقي
أسئلة شائعة حول المقال
حوّل هذا الدليل إلى تطبيق عملي داخل جهتك
مسار قراءة مقترح
استكشف صفحات أخرى",,1763,0,38,0,0,0,<truncated>,,33631,,2015881265535506180,,,
20,0,https://diwansuite.com/hi/blog/why-email-not-enough-board-governance,https://diwansuite.com/hi/blog/why-email-not-enough-board-governance,لماذا لا يكفي البريد الإلكتروني لإدارة مجالس الإدارة؟ |…,,text/html,text/html,false,false,200,404,0,0,true,false,,,यह लेख governance challenge को practical रूप से समझाता है और बताता है कि कब general tool पर्याप्त है और कब specialized platform चाहिए। Diwan Suite में यह…,,,,لماذا لا يكفي البريد الإلكتروني لإدارة مجالس الإدارة؟,,"इस पृष्ठ पर
संबंधित पृष्ठ
किसके लिए
यह क्या हल करता है
यह कैसे काम करता है
व्यावहारिक सारांश
Applied framework
व्यावहारिक चरण
मुख्य बातें
Applied scenario
अक्सर पूछे जाने वाले प्रश्न
इस guide को operational workflow में बदलें
सुझाया गया पढ़ने का मार्ग
और पृष्ठ देखें",,2034,0,42,0,0,0,<truncated>,,38491,,2783030346746844797,,,
20,0,https://diwansuite.com/en/blog/reduce-meeting-minutes-errors,https://diwansuite.com/en/blog/reduce-meeting-minutes-errors,How to Reduce Meeting Minutes Errors | Diwan Suite,,text/html,text/html,false,false,200,404,0,0,true,false,,,"Minutes errors often come from late drafting, inconsistent templates, multiple versions, and decisions not linked to clear tasks. Reducing minutes errors…",,,,How to Reduce Errors in Meeting Minutes,,"On this page
Related pages
Who it is for
What it solves
How it works
Practical summary
Applied framework
Practical steps
Key takeaways
Applied scenario
Frequently asked questions
Turn this guide into an operational workflow
Suggested reading path
Explore more pages",,1799,0,37,0,0,0,<truncated>,,24671,,15908259056981039295,,,
