PR,URL,Title,Content type,Is rendered page,HTTP status code,Organic traffic,Size (bytes),Time to first byte (ms),Loading time (ms),Depth,Is indexable page,No. of all inlinks,First found at
25,https://diwansuite.com/hi/integrations-board-governance,मीटिंग अभिलेख और एंटरप्राइज़ इंटीग्रेशन | Diwan Suite,text/html,false,200,0,16208,1065,1066,0,true,81,
25,https://diwansuite.com/en/ai-governance-assistant,AI Governance Assistant | Diwan Suite,text/html,false,200,0,14016,1858,1859,0,true,81,
25,https://diwansuite.com/ur/governance-reports,گورننس رپورٹس | Diwan Suite,text/html,false,200,0,14584,1004,1004,0,true,81,
25,https://diwansuite.com/en/sectors/government-companies-governance,Board and Committee Governance for Government-Owned…,text/html,false,200,0,14533,5104,5117,0,true,81,
22,https://diwansuite.com/ar/meeting-minutes-software,برنامج محاضر الاجتماعات والتوقيع | ديوان سويت,text/html,false,200,0,15370,1152,1159,0,true,24,
21,https://diwansuite.com/ar/banks-board-committee-governance-software,برنامج إدارة لجان البنوك والقطاع المالي | ديوان سويت,text/html,false,200,0,15694,1137,1137,0,true,14,
21,https://diwansuite.com/en/board-of-directors-governance-software,Board of Directors Governance Software | Diwan Suite,text/html,false,200,0,13583,3346,3347,0,true,8,
21,https://diwansuite.com/en/board-management-software,Board Management Software | Diwan Suite,text/html,false,200,0,13611,1343,1345,0,true,13,
21,https://diwansuite.com/en/board-governance-software,Board Governance Software | Diwan Suite,text/html,false,200,0,13631,1546,1546,0,true,16,
21,https://diwansuite.com/ar/ai-meeting-minutes-vs-manual-word-pdf,برنامج محاضر اجتماعات بالذكاء الاصطناعي لمجالس الإدارة…,text/html,false,200,0,17167,1639,1641,0,true,20,
